ID,Parameter_ID,Construction_ID,Value
stan1295-etwas-c-specific-known,c-specific-known,stan1295-etwas,yes
stan1295-etwas-c-specific-unknown,c-specific-unknown,stan1295-etwas,yes
stan1295-etwas-c-irrealis-nsp,c-irrealis-nsp,stan1295-etwas,yes
stan1295-etwas-c-question,c-question,stan1295-etwas,yes
stan1295-etwas-c-conditional,c-conditional,stan1295-etwas,yes
stan1295-etwas-c-indirect-negation,c-indirect-negation,stan1295-etwas,yes
stan1295-etwas-c-direct-negation,c-direct-negation,stan1295-etwas,no
stan1295-etwas-c-comparative,c-comparative,stan1295-etwas,no
stan1295-etwas-c-free-choice,c-free-choice,stan1295-etwas,no
stan1295-irgend-c-specific-known,c-specific-known,stan1295-irgend,no
stan1295-irgend-c-specific-unknown,c-specific-unknown,stan1295-irgend,yes
stan1295-irgend-c-irrealis-nsp,c-irrealis-nsp,stan1295-irgend,yes
stan1295-irgend-c-question,c-question,stan1295-irgend,yes
stan1295-irgend-c-conditional,c-conditional,stan1295-irgend,yes
stan1295-irgend-c-indirect-negation,c-indirect-negation,stan1295-irgend,yes
stan1295-irgend-c-direct-negation,c-direct-negation,stan1295-irgend,no
stan1295-irgend-c-comparative,c-comparative,stan1295-irgend,yes
stan1295-irgend-c-free-choice,c-free-choice,stan1295-irgend,yes
stan1295-je-c-specific-known,c-specific-known,stan1295-je,no
stan1295-je-c-specific-unknown,c-specific-unknown,stan1295-je,no
stan1295-je-c-irrealis-nsp,c-irrealis-nsp,stan1295-je,no
stan1295-je-c-question,c-question,stan1295-je,yes
stan1295-je-c-conditional,c-conditional,stan1295-je,yes
stan1295-je-c-indirect-negation,c-indirect-negation,stan1295-je,yes
stan1295-je-c-direct-negation,c-direct-negation,stan1295-je,no
stan1295-je-c-comparative,c-comparative,stan1295-je,yes
stan1295-je-c-free-choice,c-free-choice,stan1295-je,no
stan1295-jeder-c-specific-known,c-specific-known,stan1295-jeder,no
stan1295-jeder-c-specific-unknown,c-specific-unknown,stan1295-jeder,no
stan1295-jeder-c-irrealis-nsp,c-irrealis-nsp,stan1295-jeder,no
stan1295-jeder-c-question,c-question,stan1295-jeder,no
stan1295-jeder-c-conditional,c-conditional,stan1295-jeder,no
stan1295-jeder-c-indirect-negation,c-indirect-negation,stan1295-jeder,yes
stan1295-jeder-c-direct-negation,c-direct-negation,stan1295-jeder,no
stan1295-jeder-c-comparative,c-comparative,stan1295-jeder,yes
stan1295-jeder-c-free-choice,c-free-choice,stan1295-jeder,yes
stan1295-n--c-specific-known,c-specific-known,stan1295-n-,no
stan1295-n--c-specific-unknown,c-specific-unknown,stan1295-n-,no
stan1295-n--c-irrealis-nsp,c-irrealis-nsp,stan1295-n-,no
stan1295-n--c-question,c-question,stan1295-n-,no
stan1295-n--c-conditional,c-conditional,stan1295-n-,no
stan1295-n--c-indirect-negation,c-indirect-negation,stan1295-n-,no
stan1295-n--c-direct-negation,c-direct-negation,stan1295-n-,yes
stan1295-n--c-comparative,c-comparative,stan1295-n-,no
stan1295-n--c-free-choice,c-free-choice,stan1295-n-,no
dutc1256-enig-c-specific-known,c-specific-known,dutc1256-enig,no
dutc1256-enig-c-specific-unknown,c-specific-unknown,dutc1256-enig,no
dutc1256-enig-c-irrealis-nsp,c-irrealis-nsp,dutc1256-enig,no
dutc1256-enig-c-question,c-question,dutc1256-enig,yes
dutc1256-enig-c-conditional,c-conditional,dutc1256-enig,yes
dutc1256-enig-c-indirect-negation,c-indirect-negation,dutc1256-enig,yes
dutc1256-enig-c-direct-negation,c-direct-negation,dutc1256-enig,no
dutc1256-enig-c-comparative,c-comparative,dutc1256-enig,yes
dutc1256-enig-c-free-choice,c-free-choice,dutc1256-enig,no
dutc1256-iets-c-specific-known,c-specific-known,dutc1256-iets,yes
dutc1256-iets-c-specific-unknown,c-specific-unknown,dutc1256-iets,yes
dutc1256-iets-c-irrealis-nsp,c-irrealis-nsp,dutc1256-iets,yes
dutc1256-iets-c-question,c-question,dutc1256-iets,yes
dutc1256-iets-c-conditional,c-conditional,dutc1256-iets,yes
dutc1256-iets-c-indirect-negation,c-indirect-negation,dutc1256-iets,yes
dutc1256-iets-c-direct-negation,c-direct-negation,dutc1256-iets,no
dutc1256-iets-c-comparative,c-comparative,dutc1256-iets,no
dutc1256-iets-c-free-choice,c-free-choice,dutc1256-iets,no
dutc1256-niets-c-specific-known,c-specific-known,dutc1256-niets,no
dutc1256-niets-c-specific-unknown,c-specific-unknown,dutc1256-niets,no
dutc1256-niets-c-irrealis-nsp,c-irrealis-nsp,dutc1256-niets,no
dutc1256-niets-c-question,c-question,dutc1256-niets,no
dutc1256-niets-c-conditional,c-conditional,dutc1256-niets,no
dutc1256-niets-c-indirect-negation,c-indirect-negation,dutc1256-niets,no
dutc1256-niets-c-direct-negation,c-direct-negation,dutc1256-niets,yes
dutc1256-niets-c-comparative,c-comparative,dutc1256-niets,no
dutc1256-niets-c-free-choice,c-free-choice,dutc1256-niets,no
stan1293-any-c-specific-known,c-specific-known,stan1293-any,no
stan1293-any-c-specific-unknown,c-specific-unknown,stan1293-any,no
stan1293-any-c-irrealis-nsp,c-irrealis-nsp,stan1293-any,no
stan1293-any-c-question,c-question,stan1293-any,yes
stan1293-any-c-conditional,c-conditional,stan1293-any,yes
stan1293-any-c-indirect-negation,c-indirect-negation,stan1293-any,yes
stan1293-any-c-direct-negation,c-direct-negation,stan1293-any,yes
stan1293-any-c-comparative,c-comparative,stan1293-any,yes
stan1293-any-c-free-choice,c-free-choice,stan1293-any,yes
stan1293-ever-c-specific-known,c-specific-known,stan1293-ever,no
stan1293-ever-c-specific-unknown,c-specific-unknown,stan1293-ever,no
stan1293-ever-c-irrealis-nsp,c-irrealis-nsp,stan1293-ever,no
stan1293-ever-c-question,c-question,stan1293-ever,yes
stan1293-ever-c-conditional,c-conditional,stan1293-ever,yes
stan1293-ever-c-indirect-negation,c-indirect-negation,stan1293-ever,yes
stan1293-ever-c-direct-negation,c-direct-negation,stan1293-ever,yes
stan1293-ever-c-comparative,c-comparative,stan1293-ever,yes
stan1293-ever-c-free-choice,c-free-choice,stan1293-ever,no
stan1293-no-c-specific-known,c-specific-known,stan1293-no,no
stan1293-no-c-specific-unknown,c-specific-unknown,stan1293-no,no
stan1293-no-c-irrealis-nsp,c-irrealis-nsp,stan1293-no,no
stan1293-no-c-question,c-question,stan1293-no,no
stan1293-no-c-conditional,c-conditional,stan1293-no,no
stan1293-no-c-indirect-negation,c-indirect-negation,stan1293-no,no
stan1293-no-c-direct-negation,c-direct-negation,stan1293-no,yes
stan1293-no-c-comparative,c-comparative,stan1293-no,no
stan1293-no-c-free-choice,c-free-choice,stan1293-no,no
stan1293-some-c-specific-known,c-specific-known,stan1293-some,yes
stan1293-some-c-specific-unknown,c-specific-unknown,stan1293-some,yes
stan1293-some-c-irrealis-nsp,c-irrealis-nsp,stan1293-some,yes
stan1293-some-c-question,c-question,stan1293-some,yes
stan1293-some-c-conditional,c-conditional,stan1293-some,yes
stan1293-some-c-indirect-negation,c-indirect-negation,stan1293-some,no
stan1293-some-c-direct-negation,c-direct-negation,stan1293-some,no
stan1293-some-c-comparative,c-comparative,stan1293-some,no
stan1293-some-c-free-choice,c-free-choice,stan1293-some,no
swed1254-ingen-c-specific-known,c-specific-known,swed1254-ingen,no
swed1254-ingen-c-specific-unknown,c-specific-unknown,swed1254-ingen,no
swed1254-ingen-c-irrealis-nsp,c-irrealis-nsp,swed1254-ingen,no
swed1254-ingen-c-question,c-question,swed1254-ingen,no
swed1254-ingen-c-conditional,c-conditional,swed1254-ingen,no
swed1254-ingen-c-indirect-negation,c-indirect-negation,swed1254-ingen,no
swed1254-ingen-c-direct-negation,c-direct-negation,swed1254-ingen,yes
swed1254-ingen-c-comparative,c-comparative,swed1254-ingen,no
swed1254-ingen-c-free-choice,c-free-choice,swed1254-ingen,no
swed1254-nagon-c-specific-known,c-specific-known,swed1254-nagon,yes
swed1254-nagon-c-specific-unknown,c-specific-unknown,swed1254-nagon,yes
swed1254-nagon-c-irrealis-nsp,c-irrealis-nsp,swed1254-nagon,yes
swed1254-nagon-c-question,c-question,swed1254-nagon,yes
swed1254-nagon-c-conditional,c-conditional,swed1254-nagon,yes
swed1254-nagon-c-indirect-negation,c-indirect-negation,swed1254-nagon,yes
swed1254-nagon-c-direct-negation,c-direct-negation,swed1254-nagon,yes
swed1254-nagon-c-comparative,c-comparative,swed1254-nagon,yes
swed1254-nagon-c-free-choice,c-free-choice,swed1254-nagon,no
swed1254-somhelst-c-specific-known,c-specific-known,swed1254-somhelst,no
swed1254-somhelst-c-specific-unknown,c-specific-unknown,swed1254-somhelst,no
swed1254-somhelst-c-irrealis-nsp,c-irrealis-nsp,swed1254-somhelst,no
swed1254-somhelst-c-question,c-question,swed1254-somhelst,no
swed1254-somhelst-c-conditional,c-conditional,swed1254-somhelst,no
swed1254-somhelst-c-indirect-negation,c-indirect-negation,swed1254-somhelst,no
swed1254-somhelst-c-direct-negation,c-direct-negation,swed1254-somhelst,no
swed1254-somhelst-c-comparative,c-comparative,swed1254-somhelst,yes
swed1254-somhelst-c-free-choice,c-free-choice,swed1254-somhelst,yes
icel1247-enginn-c-specific-known,c-specific-known,icel1247-enginn,no
icel1247-enginn-c-specific-unknown,c-specific-unknown,icel1247-enginn,no
icel1247-enginn-c-irrealis-nsp,c-irrealis-nsp,icel1247-enginn,no
icel1247-enginn-c-question,c-question,icel1247-enginn,no
icel1247-enginn-c-conditional,c-conditional,icel1247-enginn,no
icel1247-enginn-c-indirect-negation,c-indirect-negation,icel1247-enginn,no
icel1247-enginn-c-direct-negation,c-direct-negation,icel1247-enginn,yes
icel1247-enginn-c-comparative,c-comparative,icel1247-enginn,no
icel1247-enginn-c-free-choice,c-free-choice,icel1247-enginn,no
icel1247-n--c-specific-known,c-specific-known,icel1247-n-,no
icel1247-n--c-specific-unknown,c-specific-unknown,icel1247-n-,no
icel1247-n--c-irrealis-nsp,c-irrealis-nsp,icel1247-n-,no
icel1247-n--c-question,c-question,icel1247-n-,no
icel1247-n--c-conditional,c-conditional,icel1247-n-,no
icel1247-n--c-indirect-negation,c-indirect-negation,icel1247-n-,yes
icel1247-n--c-direct-negation,c-direct-negation,icel1247-n-,yes
icel1247-n--c-comparative,c-comparative,icel1247-n-,no
icel1247-n--c-free-choice,c-free-choice,icel1247-n-,no
icel1247-nokkur-c-specific-known,c-specific-known,icel1247-nokkur,no
icel1247-nokkur-c-specific-unknown,c-specific-unknown,icel1247-nokkur,no
icel1247-nokkur-c-irrealis-nsp,c-irrealis-nsp,icel1247-nokkur,no
icel1247-nokkur-c-question,c-question,icel1247-nokkur,yes
icel1247-nokkur-c-conditional,c-conditional,icel1247-nokkur,no
icel1247-nokkur-c-indirect-negation,c-indirect-negation,icel1247-nokkur,yes
icel1247-nokkur-c-direct-negation,c-direct-negation,icel1247-nokkur,no
icel1247-nokkur-c-comparative,c-comparative,icel1247-nokkur,yes
icel1247-nokkur-c-free-choice,c-free-choice,icel1247-nokkur,no
icel1247-semer-c-specific-known,c-specific-known,icel1247-semer,no
icel1247-semer-c-specific-unknown,c-specific-unknown,icel1247-semer,no
icel1247-semer-c-irrealis-nsp,c-irrealis-nsp,icel1247-semer,no
icel1247-semer-c-question,c-question,icel1247-semer,no
icel1247-semer-c-conditional,c-conditional,icel1247-semer,no
icel1247-semer-c-indirect-negation,c-indirect-negation,icel1247-semer,no
icel1247-semer-c-direct-negation,c-direct-negation,icel1247-semer,no
icel1247-semer-c-comparative,c-comparative,icel1247-semer,no
icel1247-semer-c-free-choice,c-free-choice,icel1247-semer,yes
lati1261-ali--c-specific-known,c-specific-known,lati1261-ali-,no
lati1261-ali--c-specific-unknown,c-specific-unknown,lati1261-ali-,yes
lati1261-ali--c-irrealis-nsp,c-irrealis-nsp,lati1261-ali-,yes
lati1261-ali--c-question,c-question,lati1261-ali-,yes
lati1261-ali--c-conditional,c-conditional,lati1261-ali-,yes
lati1261-ali--c-indirect-negation,c-indirect-negation,lati1261-ali-,no
lati1261-ali--c-direct-negation,c-direct-negation,lati1261-ali-,no
lati1261-ali--c-comparative,c-comparative,lati1261-ali-,no
lati1261-ali--c-free-choice,c-free-choice,lati1261-ali-,no
lati1261--dam-c-specific-known,c-specific-known,lati1261--dam,yes
lati1261--dam-c-specific-unknown,c-specific-unknown,lati1261--dam,no
lati1261--dam-c-irrealis-nsp,c-irrealis-nsp,lati1261--dam,no
lati1261--dam-c-question,c-question,lati1261--dam,no
lati1261--dam-c-conditional,c-conditional,lati1261--dam,no
lati1261--dam-c-indirect-negation,c-indirect-negation,lati1261--dam,no
lati1261--dam-c-direct-negation,c-direct-negation,lati1261--dam,no
lati1261--dam-c-comparative,c-comparative,lati1261--dam,no
lati1261--dam-c-free-choice,c-free-choice,lati1261--dam,no
lati1261--libet-c-specific-known,c-specific-known,lati1261--libet,no
lati1261--libet-c-specific-unknown,c-specific-unknown,lati1261--libet,no
lati1261--libet-c-irrealis-nsp,c-irrealis-nsp,lati1261--libet,no
lati1261--libet-c-question,c-question,lati1261--libet,no
lati1261--libet-c-conditional,c-conditional,lati1261--libet,no
lati1261--libet-c-indirect-negation,c-indirect-negation,lati1261--libet,no
lati1261--libet-c-direct-negation,c-direct-negation,lati1261--libet,no
lati1261--libet-c-comparative,c-comparative,lati1261--libet,no
lati1261--libet-c-free-choice,c-free-choice,lati1261--libet,yes
lati1261-n--c-specific-known,c-specific-known,lati1261-n-,no
lati1261-n--c-specific-unknown,c-specific-unknown,lati1261-n-,no
lati1261-n--c-irrealis-nsp,c-irrealis-nsp,lati1261-n-,no
lati1261-n--c-question,c-question,lati1261-n-,no
lati1261-n--c-conditional,c-conditional,lati1261-n-,no
lati1261-n--c-indirect-negation,c-indirect-negation,lati1261-n-,no
lati1261-n--c-direct-negation,c-direct-negation,lati1261-n-,yes
lati1261-n--c-comparative,c-comparative,lati1261-n-,no
lati1261-n--c-free-choice,c-free-choice,lati1261-n-,no
lati1261--quam-c-specific-known,c-specific-known,lati1261--quam,no
lati1261--quam-c-specific-unknown,c-specific-unknown,lati1261--quam,no
lati1261--quam-c-irrealis-nsp,c-irrealis-nsp,lati1261--quam,no
lati1261--quam-c-question,c-question,lati1261--quam,yes
lati1261--quam-c-conditional,c-conditional,lati1261--quam,yes
lati1261--quam-c-indirect-negation,c-indirect-negation,lati1261--quam,yes
lati1261--quam-c-direct-negation,c-direct-negation,lati1261--quam,no
lati1261--quam-c-comparative,c-comparative,lati1261--quam,yes
lati1261--quam-c-free-choice,c-free-choice,lati1261--quam,no
lati1261--vis-c-specific-known,c-specific-known,lati1261--vis,no
lati1261--vis-c-specific-unknown,c-specific-unknown,lati1261--vis,no
lati1261--vis-c-irrealis-nsp,c-irrealis-nsp,lati1261--vis,no
lati1261--vis-c-question,c-question,lati1261--vis,no
lati1261--vis-c-conditional,c-conditional,lati1261--vis,no
lati1261--vis-c-indirect-negation,c-indirect-negation,lati1261--vis,no
lati1261--vis-c-direct-negation,c-direct-negation,lati1261--vis,no
lati1261--vis-c-comparative,c-comparative,lati1261--vis,no
lati1261--vis-c-free-choice,c-free-choice,lati1261--vis,yes
port1283-alg--c-specific-known,c-specific-known,port1283-alg-,yes
port1283-alg--c-specific-unknown,c-specific-unknown,port1283-alg-,yes
port1283-alg--c-irrealis-nsp,c-irrealis-nsp,port1283-alg-,yes
port1283-alg--c-question,c-question,port1283-alg-,yes
port1283-alg--c-conditional,c-conditional,port1283-alg-,yes
port1283-alg--c-indirect-negation,c-indirect-negation,port1283-alg-,no
port1283-alg--c-direct-negation,c-direct-negation,port1283-alg-,no
port1283-alg--c-comparative,c-comparative,port1283-alg-,no
port1283-alg--c-free-choice,c-free-choice,port1283-alg-,no
port1283-n--c-specific-known,c-specific-known,port1283-n-,no
port1283-n--c-specific-unknown,c-specific-unknown,port1283-n-,no
port1283-n--c-irrealis-nsp,c-irrealis-nsp,port1283-n-,no
port1283-n--c-question,c-question,port1283-n-,no
port1283-n--c-conditional,c-conditional,port1283-n-,no
port1283-n--c-indirect-negation,c-indirect-negation,port1283-n-,yes
port1283-n--c-direct-negation,c-direct-negation,port1283-n-,yes
port1283-n--c-comparative,c-comparative,port1283-n-,no
port1283-n--c-free-choice,c-free-choice,port1283-n-,no
port1283-qualquer-c-specific-known,c-specific-known,port1283-qualquer,no
port1283-qualquer-c-specific-unknown,c-specific-unknown,port1283-qualquer,yes
port1283-qualquer-c-irrealis-nsp,c-irrealis-nsp,port1283-qualquer,yes
port1283-qualquer-c-question,c-question,port1283-qualquer,yes
port1283-qualquer-c-conditional,c-conditional,port1283-qualquer,yes
port1283-qualquer-c-indirect-negation,c-indirect-negation,port1283-qualquer,yes
port1283-qualquer-c-direct-negation,c-direct-negation,port1283-qualquer,yes
port1283-qualquer-c-comparative,c-comparative,port1283-qualquer,yes
port1283-qualquer-c-free-choice,c-free-choice,port1283-qualquer,yes
stan1289-algun-c-specific-known,c-specific-known,stan1289-algun,yes
stan1289-algun-c-specific-unknown,c-specific-unknown,stan1289-algun,yes
stan1289-algun-c-irrealis-nsp,c-irrealis-nsp,stan1289-algun,yes
stan1289-algun-c-question,c-question,stan1289-algun,yes
stan1289-algun-c-conditional,c-conditional,stan1289-algun,yes
stan1289-algun-c-indirect-negation,c-indirect-negation,stan1289-algun,yes
stan1289-algun-c-direct-negation,c-direct-negation,stan1289-algun,no
stan1289-algun-c-comparative,c-comparative,stan1289-algun,no
stan1289-algun-c-free-choice,c-free-choice,stan1289-algun,no
stan1289-cap-c-specific-known,c-specific-known,stan1289-cap,no
stan1289-cap-c-specific-unknown,c-specific-unknown,stan1289-cap,no
stan1289-cap-c-irrealis-nsp,c-irrealis-nsp,stan1289-cap,no
stan1289-cap-c-question,c-question,stan1289-cap,yes
stan1289-cap-c-conditional,c-conditional,stan1289-cap,yes
stan1289-cap-c-indirect-negation,c-indirect-negation,stan1289-cap,yes
stan1289-cap-c-direct-negation,c-direct-negation,stan1289-cap,yes
stan1289-cap-c-comparative,c-comparative,stan1289-cap,yes
stan1289-cap-c-free-choice,c-free-choice,stan1289-cap,no
stan1289-qualsevol-c-specific-known,c-specific-known,stan1289-qualsevol,no
stan1289-qualsevol-c-specific-unknown,c-specific-unknown,stan1289-qualsevol,no
stan1289-qualsevol-c-irrealis-nsp,c-irrealis-nsp,stan1289-qualsevol,no
stan1289-qualsevol-c-question,c-question,stan1289-qualsevol,no
stan1289-qualsevol-c-conditional,c-conditional,stan1289-qualsevol,no
stan1289-qualsevol-c-indirect-negation,c-indirect-negation,stan1289-qualsevol,no
stan1289-qualsevol-c-direct-negation,c-direct-negation,stan1289-qualsevol,no
stan1289-qualsevol-c-comparative,c-comparative,stan1289-qualsevol,yes
stan1289-qualsevol-c-free-choice,c-free-choice,stan1289-qualsevol,yes
stan1290-nimporte-c-specific-known,c-specific-known,stan1290-nimporte,no
stan1290-nimporte-c-specific-unknown,c-specific-unknown,stan1290-nimporte,no
stan1290-nimporte-c-irrealis-nsp,c-irrealis-nsp,stan1290-nimporte,no
stan1290-nimporte-c-question,c-question,stan1290-nimporte,no
stan1290-nimporte-c-conditional,c-conditional,stan1290-nimporte,no
stan1290-nimporte-c-indirect-negation,c-indirect-negation,stan1290-nimporte,no
stan1290-nimporte-c-direct-negation,c-direct-negation,stan1290-nimporte,no
stan1290-nimporte-c-comparative,c-comparative,stan1290-nimporte,yes
stan1290-nimporte-c-free-choice,c-free-choice,stan1290-nimporte,yes
stan1290-personne-c-specific-known,c-specific-known,stan1290-personne,no
stan1290-personne-c-specific-unknown,c-specific-unknown,stan1290-personne,no
stan1290-personne-c-irrealis-nsp,c-irrealis-nsp,stan1290-personne,no
stan1290-personne-c-question,c-question,stan1290-personne,yes
stan1290-personne-c-conditional,c-conditional,stan1290-personne,yes
stan1290-personne-c-indirect-negation,c-indirect-negation,stan1290-personne,yes
stan1290-personne-c-direct-negation,c-direct-negation,stan1290-personne,yes
stan1290-personne-c-comparative,c-comparative,stan1290-personne,yes
stan1290-personne-c-free-choice,c-free-choice,stan1290-personne,no
stan1290-quecesoit-c-specific-known,c-specific-known,stan1290-quecesoit,no
stan1290-quecesoit-c-specific-unknown,c-specific-unknown,stan1290-quecesoit,no
stan1290-quecesoit-c-irrealis-nsp,c-irrealis-nsp,stan1290-quecesoit,no
stan1290-quecesoit-c-question,c-question,stan1290-quecesoit,yes
stan1290-quecesoit-c-conditional,c-conditional,stan1290-quecesoit,yes
stan1290-quecesoit-c-indirect-negation,c-indirect-negation,stan1290-quecesoit,yes
stan1290-quecesoit-c-direct-negation,c-direct-negation,stan1290-quecesoit,yes
stan1290-quecesoit-c-comparative,c-comparative,stan1290-quecesoit,yes
stan1290-quecesoit-c-free-choice,c-free-choice,stan1290-quecesoit,yes
stan1290-quelque-c-specific-known,c-specific-known,stan1290-quelque,yes
stan1290-quelque-c-specific-unknown,c-specific-unknown,stan1290-quelque,yes
stan1290-quelque-c-irrealis-nsp,c-irrealis-nsp,stan1290-quelque,yes
stan1290-quelque-c-question,c-question,stan1290-quelque,yes
stan1290-quelque-c-conditional,c-conditional,stan1290-quelque,yes
stan1290-quelque-c-indirect-negation,c-indirect-negation,stan1290-quelque,no
stan1290-quelque-c-direct-negation,c-direct-negation,stan1290-quelque,no
stan1290-quelque-c-comparative,c-comparative,stan1290-quelque,no
stan1290-quelque-c-free-choice,c-free-choice,stan1290-quelque,no
ital1282-nessuno-c-specific-known,c-specific-known,ital1282-nessuno,no
ital1282-nessuno-c-specific-unknown,c-specific-unknown,ital1282-nessuno,no
ital1282-nessuno-c-irrealis-nsp,c-irrealis-nsp,ital1282-nessuno,no
ital1282-nessuno-c-question,c-question,ital1282-nessuno,yes
ital1282-nessuno-c-conditional,c-conditional,ital1282-nessuno,no
ital1282-nessuno-c-indirect-negation,c-indirect-negation,ital1282-nessuno,yes
ital1282-nessuno-c-direct-negation,c-direct-negation,ital1282-nessuno,yes
ital1282-nessuno-c-comparative,c-comparative,ital1282-nessuno,no
ital1282-nessuno-c-free-choice,c-free-choice,ital1282-nessuno,no
ital1282-qualche-c-specific-known,c-specific-known,ital1282-qualche,yes
ital1282-qualche-c-specific-unknown,c-specific-unknown,ital1282-qualche,yes
ital1282-qualche-c-irrealis-nsp,c-irrealis-nsp,ital1282-qualche,yes
ital1282-qualche-c-question,c-question,ital1282-qualche,yes
ital1282-qualche-c-conditional,c-conditional,ital1282-qualche,yes
ital1282-qualche-c-indirect-negation,c-indirect-negation,ital1282-qualche,yes
ital1282-qualche-c-direct-negation,c-direct-negation,ital1282-qualche,no
ital1282-qualche-c-comparative,c-comparative,ital1282-qualche,no
ital1282-qualche-c-free-choice,c-free-choice,ital1282-qualche,no
ital1282--unque-c-specific-known,c-specific-known,ital1282--unque,no
ital1282--unque-c-specific-unknown,c-specific-unknown,ital1282--unque,no
ital1282--unque-c-irrealis-nsp,c-irrealis-nsp,ital1282--unque,no
ital1282--unque-c-question,c-question,ital1282--unque,no
ital1282--unque-c-conditional,c-conditional,ital1282--unque,no
ital1282--unque-c-indirect-negation,c-indirect-negation,ital1282--unque,no
ital1282--unque-c-direct-negation,c-direct-negation,ital1282--unque,no
ital1282--unque-c-comparative,c-comparative,ital1282--unque,yes
ital1282--unque-c-free-choice,c-free-choice,ital1282--unque,yes
roma1327-ni--c-specific-known,c-specific-known,roma1327-ni-,no
roma1327-ni--c-specific-unknown,c-specific-unknown,roma1327-ni-,no
roma1327-ni--c-irrealis-nsp,c-irrealis-nsp,roma1327-ni-,no
roma1327-ni--c-question,c-question,roma1327-ni-,no
roma1327-ni--c-conditional,c-conditional,roma1327-ni-,no
roma1327-ni--c-indirect-negation,c-indirect-negation,roma1327-ni-,yes
roma1327-ni--c-direct-negation,c-direct-negation,roma1327-ni-,yes
roma1327-ni--c-comparative,c-comparative,roma1327-ni-,no
roma1327-ni--c-free-choice,c-free-choice,roma1327-ni-,no
roma1327-ori--c-specific-known,c-specific-known,roma1327-ori-,no
roma1327-ori--c-specific-unknown,c-specific-unknown,roma1327-ori-,no
roma1327-ori--c-irrealis-nsp,c-irrealis-nsp,roma1327-ori-,no
roma1327-ori--c-question,c-question,roma1327-ori-,no
roma1327-ori--c-conditional,c-conditional,roma1327-ori-,no
roma1327-ori--c-indirect-negation,c-indirect-negation,roma1327-ori-,no
roma1327-ori--c-direct-negation,c-direct-negation,roma1327-ori-,no
roma1327-ori--c-comparative,c-comparative,roma1327-ori-,yes
roma1327-ori--c-free-choice,c-free-choice,roma1327-ori-,yes
roma1327--va-c-specific-known,c-specific-known,roma1327--va,yes
roma1327--va-c-specific-unknown,c-specific-unknown,roma1327--va,yes
roma1327--va-c-irrealis-nsp,c-irrealis-nsp,roma1327--va,yes
roma1327--va-c-question,c-question,roma1327--va,yes
roma1327--va-c-conditional,c-conditional,roma1327--va,yes
roma1327--va-c-indirect-negation,c-indirect-negation,roma1327--va,no
roma1327--va-c-direct-negation,c-direct-negation,roma1327--va,no
roma1327--va-c-comparative,c-comparative,roma1327--va,no
roma1327--va-c-free-choice,c-free-choice,roma1327--va,no
roma1327-vre-un-c-specific-known,c-specific-known,roma1327-vre-un,no
roma1327-vre-un-c-specific-unknown,c-specific-unknown,roma1327-vre-un,no
roma1327-vre-un-c-irrealis-nsp,c-irrealis-nsp,roma1327-vre-un,no
roma1327-vre-un-c-question,c-question,roma1327-vre-un,yes
roma1327-vre-un-c-conditional,c-conditional,roma1327-vre-un,yes
roma1327-vre-un-c-indirect-negation,c-indirect-negation,roma1327-vre-un,yes
roma1327-vre-un-c-direct-negation,c-direct-negation,roma1327-vre-un,no
roma1327-vre-un-c-comparative,c-comparative,roma1327-vre-un,no
roma1327-vre-un-c-free-choice,c-free-choice,roma1327-vre-un,no
mode1248--dhipote-c-specific-known,c-specific-known,mode1248--dhipote,no
mode1248--dhipote-c-specific-unknown,c-specific-unknown,mode1248--dhipote,no
mode1248--dhipote-c-irrealis-nsp,c-irrealis-nsp,mode1248--dhipote,no
mode1248--dhipote-c-question,c-question,mode1248--dhipote,no
mode1248--dhipote-c-conditional,c-conditional,mode1248--dhipote,yes
mode1248--dhipote-c-indirect-negation,c-indirect-negation,mode1248--dhipote,no
mode1248--dhipote-c-direct-negation,c-direct-negation,mode1248--dhipote,no
mode1248--dhipote-c-comparative,c-comparative,mode1248--dhipote,yes
mode1248--dhipote-c-free-choice,c-free-choice,mode1248--dhipote,yes
mode1248-ka--c-specific-known,c-specific-known,mode1248-ka-,no
mode1248-ka--c-specific-unknown,c-specific-unknown,mode1248-ka-,yes
mode1248-ka--c-irrealis-nsp,c-irrealis-nsp,mode1248-ka-,yes
mode1248-ka--c-question,c-question,mode1248-ka-,yes
mode1248-ka--c-conditional,c-conditional,mode1248-ka-,yes
mode1248-ka--c-indirect-negation,c-indirect-negation,mode1248-ka-,no
mode1248-ka--c-direct-negation,c-direct-negation,mode1248-ka-,no
mode1248-ka--c-comparative,c-comparative,mode1248-ka-,no
mode1248-ka--c-free-choice,c-free-choice,mode1248-ka-,no
mode1248-tipota-c-specific-known,c-specific-known,mode1248-tipota,no
mode1248-tipota-c-specific-unknown,c-specific-unknown,mode1248-tipota,no
mode1248-tipota-c-irrealis-nsp,c-irrealis-nsp,mode1248-tipota,yes
mode1248-tipota-c-question,c-question,mode1248-tipota,yes
mode1248-tipota-c-conditional,c-conditional,mode1248-tipota,yes
mode1248-tipota-c-indirect-negation,c-indirect-negation,mode1248-tipota,yes
mode1248-tipota-c-direct-negation,c-direct-negation,mode1248-tipota,yes
mode1248-tipota-c-comparative,c-comparative,mode1248-tipota,no
mode1248-tipota-c-free-choice,c-free-choice,mode1248-tipota,no
bulg1262-ni--c-specific-known,c-specific-known,bulg1262-ni-,no
bulg1262-ni--c-specific-unknown,c-specific-unknown,bulg1262-ni-,no
bulg1262-ni--c-irrealis-nsp,c-irrealis-nsp,bulg1262-ni-,no
bulg1262-ni--c-question,c-question,bulg1262-ni-,no
bulg1262-ni--c-conditional,c-conditional,bulg1262-ni-,no
bulg1262-ni--c-indirect-negation,c-indirect-negation,bulg1262-ni-,yes
bulg1262-ni--c-direct-negation,c-direct-negation,bulg1262-ni-,yes
bulg1262-ni--c-comparative,c-comparative,bulg1262-ni-,no
bulg1262-ni--c-free-choice,c-free-choice,bulg1262-ni-,no
bulg1262-nja--c-specific-known,c-specific-known,bulg1262-nja-,yes
bulg1262-nja--c-specific-unknown,c-specific-unknown,bulg1262-nja-,yes
bulg1262-nja--c-irrealis-nsp,c-irrealis-nsp,bulg1262-nja-,yes
bulg1262-nja--c-question,c-question,bulg1262-nja-,yes
bulg1262-nja--c-conditional,c-conditional,bulg1262-nja-,yes
bulg1262-nja--c-indirect-negation,c-indirect-negation,bulg1262-nja-,no
bulg1262-nja--c-direct-negation,c-direct-negation,bulg1262-nja-,no
bulg1262-nja--c-comparative,c-comparative,bulg1262-nja-,no
bulg1262-nja--c-free-choice,c-free-choice,bulg1262-nja-,no
bulg1262--toidae-c-specific-known,c-specific-known,bulg1262--toidae,no
bulg1262--toidae-c-specific-unknown,c-specific-unknown,bulg1262--toidae,no
bulg1262--toidae-c-irrealis-nsp,c-irrealis-nsp,bulg1262--toidae,no
bulg1262--toidae-c-question,c-question,bulg1262--toidae,no
bulg1262--toidae-c-conditional,c-conditional,bulg1262--toidae,yes
bulg1262--toidae-c-indirect-negation,c-indirect-negation,bulg1262--toidae,yes
bulg1262--toidae-c-direct-negation,c-direct-negation,bulg1262--toidae,no
bulg1262--toidae-c-comparative,c-comparative,bulg1262--toidae,yes
bulg1262--toidae-c-free-choice,c-free-choice,bulg1262--toidae,yes
sout1528-bilo-c-specific-known,c-specific-known,sout1528-bilo,no
sout1528-bilo-c-specific-unknown,c-specific-unknown,sout1528-bilo,no
sout1528-bilo-c-irrealis-nsp,c-irrealis-nsp,sout1528-bilo,no
sout1528-bilo-c-question,c-question,sout1528-bilo,yes
sout1528-bilo-c-conditional,c-conditional,sout1528-bilo,yes
sout1528-bilo-c-indirect-negation,c-indirect-negation,sout1528-bilo,yes
sout1528-bilo-c-direct-negation,c-direct-negation,sout1528-bilo,no
sout1528-bilo-c-comparative,c-comparative,sout1528-bilo,yes
sout1528-bilo-c-free-choice,c-free-choice,sout1528-bilo,yes
sout1528-i--c-specific-known,c-specific-known,sout1528-i-,no
sout1528-i--c-specific-unknown,c-specific-unknown,sout1528-i-,no
sout1528-i--c-irrealis-nsp,c-irrealis-nsp,sout1528-i-,no
sout1528-i--c-question,c-question,sout1528-i-,yes
sout1528-i--c-conditional,c-conditional,sout1528-i-,yes
sout1528-i--c-indirect-negation,c-indirect-negation,sout1528-i-,yes
sout1528-i--c-direct-negation,c-direct-negation,sout1528-i-,no
sout1528-i--c-comparative,c-comparative,sout1528-i-,yes
sout1528-i--c-free-choice,c-free-choice,sout1528-i-,no
sout1528-ne--c-specific-known,c-specific-known,sout1528-ne-,yes
sout1528-ne--c-specific-unknown,c-specific-unknown,sout1528-ne-,yes
sout1528-ne--c-irrealis-nsp,c-irrealis-nsp,sout1528-ne-,yes
sout1528-ne--c-question,c-question,sout1528-ne-,no
sout1528-ne--c-conditional,c-conditional,sout1528-ne-,no
sout1528-ne--c-indirect-negation,c-indirect-negation,sout1528-ne-,no
sout1528-ne--c-direct-negation,c-direct-negation,sout1528-ne-,no
sout1528-ne--c-comparative,c-comparative,sout1528-ne-,no
sout1528-ne--c-free-choice,c-free-choice,sout1528-ne-,no
sout1528-ni--c-specific-known,c-specific-known,sout1528-ni-,no
sout1528-ni--c-specific-unknown,c-specific-unknown,sout1528-ni-,no
sout1528-ni--c-irrealis-nsp,c-irrealis-nsp,sout1528-ni-,no
sout1528-ni--c-question,c-question,sout1528-ni-,no
sout1528-ni--c-conditional,c-conditional,sout1528-ni-,no
sout1528-ni--c-indirect-negation,c-indirect-negation,sout1528-ni-,no
sout1528-ni--c-direct-negation,c-direct-negation,sout1528-ni-,yes
sout1528-ni--c-comparative,c-comparative,sout1528-ni-,no
sout1528-ni--c-free-choice,c-free-choice,sout1528-ni-,no
poli1260--kolwiek-c-specific-known,c-specific-known,poli1260--kolwiek,no
poli1260--kolwiek-c-specific-unknown,c-specific-unknown,poli1260--kolwiek,no
poli1260--kolwiek-c-irrealis-nsp,c-irrealis-nsp,poli1260--kolwiek,no
poli1260--kolwiek-c-question,c-question,poli1260--kolwiek,yes
poli1260--kolwiek-c-conditional,c-conditional,poli1260--kolwiek,yes
poli1260--kolwiek-c-indirect-negation,c-indirect-negation,poli1260--kolwiek,yes
poli1260--kolwiek-c-direct-negation,c-direct-negation,poli1260--kolwiek,no
poli1260--kolwiek-c-comparative,c-comparative,poli1260--kolwiek,yes
poli1260--kolwiek-c-free-choice,c-free-choice,poli1260--kolwiek,yes
poli1260-ni--c-specific-known,c-specific-known,poli1260-ni-,no
poli1260-ni--c-specific-unknown,c-specific-unknown,poli1260-ni-,no
poli1260-ni--c-irrealis-nsp,c-irrealis-nsp,poli1260-ni-,no
poli1260-ni--c-question,c-question,poli1260-ni-,no
poli1260-ni--c-conditional,c-conditional,poli1260-ni-,no
poli1260-ni--c-indirect-negation,c-indirect-negation,poli1260-ni-,no
poli1260-ni--c-direct-negation,c-direct-negation,poli1260-ni-,yes
poli1260-ni--c-comparative,c-comparative,poli1260-ni-,no
poli1260-ni--c-free-choice,c-free-choice,poli1260-ni-,no
poli1260--s-c-specific-known,c-specific-known,poli1260--s,yes
poli1260--s-c-specific-unknown,c-specific-unknown,poli1260--s,yes
poli1260--s-c-irrealis-nsp,c-irrealis-nsp,poli1260--s,yes
poli1260--s-c-question,c-question,poli1260--s,yes
poli1260--s-c-conditional,c-conditional,poli1260--s,yes
poli1260--s-c-indirect-negation,c-indirect-negation,poli1260--s,yes
poli1260--s-c-direct-negation,c-direct-negation,poli1260--s,no
poli1260--s-c-comparative,c-comparative,poli1260--s,no
poli1260--s-c-free-choice,c-free-choice,poli1260--s,no
russ1263-bytonibylo-c-specific-known,c-specific-known,russ1263-bytonibylo,no
russ1263-bytonibylo-c-specific-unknown,c-specific-unknown,russ1263-bytonibylo,no
russ1263-bytonibylo-c-irrealis-nsp,c-irrealis-nsp,russ1263-bytonibylo,no
russ1263-bytonibylo-c-question,c-question,russ1263-bytonibylo,no
russ1263-bytonibylo-c-conditional,c-conditional,russ1263-bytonibylo,yes
russ1263-bytonibylo-c-indirect-negation,c-indirect-negation,russ1263-bytonibylo,yes
russ1263-bytonibylo-c-direct-negation,c-direct-negation,russ1263-bytonibylo,no
russ1263-bytonibylo-c-comparative,c-comparative,russ1263-bytonibylo,yes
russ1263-bytonibylo-c-free-choice,c-free-choice,russ1263-bytonibylo,no
russ1263-koe--c-specific-known,c-specific-known,russ1263-koe-,yes
russ1263-koe--c-specific-unknown,c-specific-unknown,russ1263-koe-,no
russ1263-koe--c-irrealis-nsp,c-irrealis-nsp,russ1263-koe-,no
russ1263-koe--c-question,c-question,russ1263-koe-,no
russ1263-koe--c-conditional,c-conditional,russ1263-koe-,no
russ1263-koe--c-indirect-negation,c-indirect-negation,russ1263-koe-,no
russ1263-koe--c-direct-negation,c-direct-negation,russ1263-koe-,no
russ1263-koe--c-comparative,c-comparative,russ1263-koe-,no
russ1263-koe--c-free-choice,c-free-choice,russ1263-koe-,no
russ1263--libo-c-specific-known,c-specific-known,russ1263--libo,no
russ1263--libo-c-specific-unknown,c-specific-unknown,russ1263--libo,no
russ1263--libo-c-irrealis-nsp,c-irrealis-nsp,russ1263--libo,yes
russ1263--libo-c-question,c-question,russ1263--libo,yes
russ1263--libo-c-conditional,c-conditional,russ1263--libo,yes
russ1263--libo-c-indirect-negation,c-indirect-negation,russ1263--libo,yes
russ1263--libo-c-direct-negation,c-direct-negation,russ1263--libo,no
russ1263--libo-c-comparative,c-comparative,russ1263--libo,yes
russ1263--libo-c-free-choice,c-free-choice,russ1263--libo,no
russ1263-ni--c-specific-known,c-specific-known,russ1263-ni-,no
russ1263-ni--c-specific-unknown,c-specific-unknown,russ1263-ni-,no
russ1263-ni--c-irrealis-nsp,c-irrealis-nsp,russ1263-ni-,no
russ1263-ni--c-question,c-question,russ1263-ni-,no
russ1263-ni--c-conditional,c-conditional,russ1263-ni-,no
russ1263-ni--c-indirect-negation,c-indirect-negation,russ1263-ni-,no
russ1263-ni--c-direct-negation,c-direct-negation,russ1263-ni-,yes
russ1263-ni--c-comparative,c-comparative,russ1263-ni-,no
russ1263-ni--c-free-choice,c-free-choice,russ1263-ni-,no
russ1263--nibud-c-specific-known,c-specific-known,russ1263--nibud,no
russ1263--nibud-c-specific-unknown,c-specific-unknown,russ1263--nibud,no
russ1263--nibud-c-irrealis-nsp,c-irrealis-nsp,russ1263--nibud,yes
russ1263--nibud-c-question,c-question,russ1263--nibud,yes
russ1263--nibud-c-conditional,c-conditional,russ1263--nibud,yes
russ1263--nibud-c-indirect-negation,c-indirect-negation,russ1263--nibud,no
russ1263--nibud-c-direct-negation,c-direct-negation,russ1263--nibud,no
russ1263--nibud-c-comparative,c-comparative,russ1263--nibud,no
russ1263--nibud-c-free-choice,c-free-choice,russ1263--nibud,no
russ1263--to-c-specific-known,c-specific-known,russ1263--to,no
russ1263--to-c-specific-unknown,c-specific-unknown,russ1263--to,yes
russ1263--to-c-irrealis-nsp,c-irrealis-nsp,russ1263--to,yes
russ1263--to-c-question,c-question,russ1263--to,yes
russ1263--to-c-conditional,c-conditional,russ1263--to,yes
russ1263--to-c-indirect-negation,c-indirect-negation,russ1263--to,no
russ1263--to-c-direct-negation,c-direct-negation,russ1263--to,no
russ1263--to-c-comparative,c-comparative,russ1263--to,no
russ1263--to-c-free-choice,c-free-choice,russ1263--to,no
russ1263-ljubojugodno-c-specific-known,c-specific-known,russ1263-ljubojugodno,no
russ1263-ljubojugodno-c-specific-unknown,c-specific-unknown,russ1263-ljubojugodno,no
russ1263-ljubojugodno-c-irrealis-nsp,c-irrealis-nsp,russ1263-ljubojugodno,no
russ1263-ljubojugodno-c-question,c-question,russ1263-ljubojugodno,no
russ1263-ljubojugodno-c-conditional,c-conditional,russ1263-ljubojugodno,no
russ1263-ljubojugodno-c-indirect-negation,c-indirect-negation,russ1263-ljubojugodno,no
russ1263-ljubojugodno-c-direct-negation,c-direct-negation,russ1263-ljubojugodno,no
russ1263-ljubojugodno-c-comparative,c-comparative,russ1263-ljubojugodno,no
russ1263-ljubojugodno-c-free-choice,c-free-choice,russ1263-ljubojugodno,yes
lith1251-bet-c-specific-known,c-specific-known,lith1251-bet,no
lith1251-bet-c-specific-unknown,c-specific-unknown,lith1251-bet,no
lith1251-bet-c-irrealis-nsp,c-irrealis-nsp,lith1251-bet,no
lith1251-bet-c-question,c-question,lith1251-bet,no
lith1251-bet-c-conditional,c-conditional,lith1251-bet,no
lith1251-bet-c-indirect-negation,c-indirect-negation,lith1251-bet,no
lith1251-bet-c-direct-negation,c-direct-negation,lith1251-bet,no
lith1251-bet-c-comparative,c-comparative,lith1251-bet,yes
lith1251-bet-c-free-choice,c-free-choice,lith1251-bet,yes
lith1251-joks-c-specific-known,c-specific-known,lith1251-joks,no
lith1251-joks-c-specific-unknown,c-specific-unknown,lith1251-joks,no
lith1251-joks-c-irrealis-nsp,c-irrealis-nsp,lith1251-joks,no
lith1251-joks-c-question,c-question,lith1251-joks,no
lith1251-joks-c-conditional,c-conditional,lith1251-joks,no
lith1251-joks-c-indirect-negation,c-indirect-negation,lith1251-joks,yes
lith1251-joks-c-direct-negation,c-direct-negation,lith1251-joks,yes
lith1251-joks-c-comparative,c-comparative,lith1251-joks,no
lith1251-joks-c-free-choice,c-free-choice,lith1251-joks,no
lith1251-kai-c-specific-known,c-specific-known,lith1251-kai,yes
lith1251-kai-c-specific-unknown,c-specific-unknown,lith1251-kai,no
lith1251-kai-c-irrealis-nsp,c-irrealis-nsp,lith1251-kai,no
lith1251-kai-c-question,c-question,lith1251-kai,no
lith1251-kai-c-conditional,c-conditional,lith1251-kai,no
lith1251-kai-c-indirect-negation,c-indirect-negation,lith1251-kai,no
lith1251-kai-c-direct-negation,c-direct-negation,lith1251-kai,no
lith1251-kai-c-comparative,c-comparative,lith1251-kai,no
lith1251-kai-c-free-choice,c-free-choice,lith1251-kai,no
lith1251-kaz--c-specific-known,c-specific-known,lith1251-kaz-,no
lith1251-kaz--c-specific-unknown,c-specific-unknown,lith1251-kaz-,yes
lith1251-kaz--c-irrealis-nsp,c-irrealis-nsp,lith1251-kaz-,yes
lith1251-kaz--c-question,c-question,lith1251-kaz-,yes
lith1251-kaz--c-conditional,c-conditional,lith1251-kaz-,yes
lith1251-kaz--c-indirect-negation,c-indirect-negation,lith1251-kaz-,no
lith1251-kaz--c-direct-negation,c-direct-negation,lith1251-kaz-,no
lith1251-kaz--c-comparative,c-comparative,lith1251-kaz-,no
lith1251-kaz--c-free-choice,c-free-choice,lith1251-kaz-,no
lith1251-nie--c-specific-known,c-specific-known,lith1251-nie-,no
lith1251-nie--c-specific-unknown,c-specific-unknown,lith1251-nie-,no
lith1251-nie--c-irrealis-nsp,c-irrealis-nsp,lith1251-nie-,no
lith1251-nie--c-question,c-question,lith1251-nie-,no
lith1251-nie--c-conditional,c-conditional,lith1251-nie-,no
lith1251-nie--c-indirect-negation,c-indirect-negation,lith1251-nie-,no
lith1251-nie--c-direct-negation,c-direct-negation,lith1251-nie-,yes
lith1251-nie--c-comparative,c-comparative,lith1251-nie-,no
lith1251-nie--c-free-choice,c-free-choice,lith1251-nie-,no
lith1251-nors-c-specific-known,c-specific-known,lith1251-nors,no
lith1251-nors-c-specific-unknown,c-specific-unknown,lith1251-nors,no
lith1251-nors-c-irrealis-nsp,c-irrealis-nsp,lith1251-nors,yes
lith1251-nors-c-question,c-question,lith1251-nors,yes
lith1251-nors-c-conditional,c-conditional,lith1251-nors,yes
lith1251-nors-c-indirect-negation,c-indirect-negation,lith1251-nors,yes
lith1251-nors-c-direct-negation,c-direct-negation,lith1251-nors,no
lith1251-nors-c-comparative,c-comparative,lith1251-nors,yes
lith1251-nors-c-free-choice,c-free-choice,lith1251-nors,no
latv1249-jeb-c-specific-known,c-specific-known,latv1249-jeb,no
latv1249-jeb-c-specific-unknown,c-specific-unknown,latv1249-jeb,no
latv1249-jeb-c-irrealis-nsp,c-irrealis-nsp,latv1249-jeb,no
latv1249-jeb-c-question,c-question,latv1249-jeb,no
latv1249-jeb-c-conditional,c-conditional,latv1249-jeb,no
latv1249-jeb-c-indirect-negation,c-indirect-negation,latv1249-jeb,yes
latv1249-jeb-c-direct-negation,c-direct-negation,latv1249-jeb,no
latv1249-jeb-c-comparative,c-comparative,latv1249-jeb,yes
latv1249-jeb-c-free-choice,c-free-choice,latv1249-jeb,yes
latv1249-kaut-c-specific-known,c-specific-known,latv1249-kaut,yes
latv1249-kaut-c-specific-unknown,c-specific-unknown,latv1249-kaut,yes
latv1249-kaut-c-irrealis-nsp,c-irrealis-nsp,latv1249-kaut,yes
latv1249-kaut-c-question,c-question,latv1249-kaut,yes
latv1249-kaut-c-conditional,c-conditional,latv1249-kaut,yes
latv1249-kaut-c-indirect-negation,c-indirect-negation,latv1249-kaut,no
latv1249-kaut-c-direct-negation,c-direct-negation,latv1249-kaut,no
latv1249-kaut-c-comparative,c-comparative,latv1249-kaut,no
latv1249-kaut-c-free-choice,c-free-choice,latv1249-kaut,no
latv1249-ne--c-specific-known,c-specific-known,latv1249-ne-,no
latv1249-ne--c-specific-unknown,c-specific-unknown,latv1249-ne-,no
latv1249-ne--c-irrealis-nsp,c-irrealis-nsp,latv1249-ne-,no
latv1249-ne--c-question,c-question,latv1249-ne-,no
latv1249-ne--c-conditional,c-conditional,latv1249-ne-,no
latv1249-ne--c-indirect-negation,c-indirect-negation,latv1249-ne-,no
latv1249-ne--c-direct-negation,c-direct-negation,latv1249-ne-,yes
latv1249-ne--c-comparative,c-comparative,latv1249-ne-,no
latv1249-ne--c-free-choice,c-free-choice,latv1249-ne-,no
iris1253-arbithaon-c-specific-known,c-specific-known,iris1253-arbithaon,no
iris1253-arbithaon-c-specific-unknown,c-specific-unknown,iris1253-arbithaon,no
iris1253-arbithaon-c-irrealis-nsp,c-irrealis-nsp,iris1253-arbithaon,no
iris1253-arbithaon-c-question,c-question,iris1253-arbithaon,yes
iris1253-arbithaon-c-conditional,c-conditional,iris1253-arbithaon,yes
iris1253-arbithaon-c-indirect-negation,c-indirect-negation,iris1253-arbithaon,yes
iris1253-arbithaon-c-direct-negation,c-direct-negation,iris1253-arbithaon,yes
iris1253-arbithaon-c-comparative,c-comparative,iris1253-arbithaon,yes
iris1253-arbithaon-c-free-choice,c-free-choice,iris1253-arbithaon,yes
iris1253-dada-c-specific-known,c-specific-known,iris1253-dada,no
iris1253-dada-c-specific-unknown,c-specific-unknown,iris1253-dada,no
iris1253-dada-c-irrealis-nsp,c-irrealis-nsp,iris1253-dada,no
iris1253-dada-c-question,c-question,iris1253-dada,yes
iris1253-dada-c-conditional,c-conditional,iris1253-dada,yes
iris1253-dada-c-indirect-negation,c-indirect-negation,iris1253-dada,yes
iris1253-dada-c-direct-negation,c-direct-negation,iris1253-dada,yes
iris1253-dada-c-comparative,c-comparative,iris1253-dada,yes
iris1253-dada-c-free-choice,c-free-choice,iris1253-dada,no
iris1253-eigin-c-specific-known,c-specific-known,iris1253-eigin,yes
iris1253-eigin-c-specific-unknown,c-specific-unknown,iris1253-eigin,yes
iris1253-eigin-c-irrealis-nsp,c-irrealis-nsp,iris1253-eigin,yes
iris1253-eigin-c-question,c-question,iris1253-eigin,no
iris1253-eigin-c-conditional,c-conditional,iris1253-eigin,no
iris1253-eigin-c-indirect-negation,c-indirect-negation,iris1253-eigin,no
iris1253-eigin-c-direct-negation,c-direct-negation,iris1253-eigin,no
iris1253-eigin-c-comparative,c-comparative,iris1253-eigin,no
iris1253-eigin-c-free-choice,c-free-choice,iris1253-eigin,no
osse1243--doer-c-specific-known,c-specific-known,osse1243--doer,yes
osse1243--doer-c-specific-unknown,c-specific-unknown,osse1243--doer,yes
osse1243--doer-c-irrealis-nsp,c-irrealis-nsp,osse1243--doer,no
osse1243--doer-c-question,c-question,osse1243--doer,no
osse1243--doer-c-conditional,c-conditional,osse1243--doer,no
osse1243--doer-c-indirect-negation,c-indirect-negation,osse1243--doer,no
osse1243--doer-c-direct-negation,c-direct-negation,osse1243--doer,no
osse1243--doer-c-comparative,c-comparative,osse1243--doer,no
osse1243--doer-c-free-choice,c-free-choice,osse1243--doer,no
osse1243--doeriddoer-c-specific-known,c-specific-known,osse1243--doeriddoer,no
osse1243--doeriddoer-c-specific-unknown,c-specific-unknown,osse1243--doeriddoer,no
osse1243--doeriddoer-c-irrealis-nsp,c-irrealis-nsp,osse1243--doeriddoer,no
osse1243--doeriddoer-c-question,c-question,osse1243--doeriddoer,no
osse1243--doeriddoer-c-conditional,c-conditional,osse1243--doeriddoer,no
osse1243--doeriddoer-c-indirect-negation,c-indirect-negation,osse1243--doeriddoer,no
osse1243--doeriddoer-c-direct-negation,c-direct-negation,osse1243--doeriddoer,no
osse1243--doeriddoer-c-comparative,c-comparative,osse1243--doeriddoer,yes
osse1243--doeriddoer-c-free-choice,c-free-choice,osse1243--doeriddoer,yes
osse1243-is--c-specific-known,c-specific-known,osse1243-is-,no
osse1243-is--c-specific-unknown,c-specific-unknown,osse1243-is-,no
osse1243-is--c-irrealis-nsp,c-irrealis-nsp,osse1243-is-,yes
osse1243-is--c-question,c-question,osse1243-is-,yes
osse1243-is--c-conditional,c-conditional,osse1243-is-,yes
osse1243-is--c-indirect-negation,c-indirect-negation,osse1243-is-,yes
osse1243-is--c-direct-negation,c-direct-negation,osse1243-is-,no
osse1243-is--c-comparative,c-comparative,osse1243-is-,no
osse1243-is--c-free-choice,c-free-choice,osse1243-is-,no
osse1243-ma-ni--c-specific-known,c-specific-known,osse1243-ma-ni-,no
osse1243-ma-ni--c-specific-unknown,c-specific-unknown,osse1243-ma-ni-,no
osse1243-ma-ni--c-irrealis-nsp,c-irrealis-nsp,osse1243-ma-ni-,no
osse1243-ma-ni--c-question,c-question,osse1243-ma-ni-,no
osse1243-ma-ni--c-conditional,c-conditional,osse1243-ma-ni-,no
osse1243-ma-ni--c-indirect-negation,c-indirect-negation,osse1243-ma-ni-,no
osse1243-ma-ni--c-direct-negation,c-direct-negation,osse1243-ma-ni-,yes
osse1243-ma-ni--c-comparative,c-comparative,osse1243-ma-ni-,no
osse1243-ma-ni--c-free-choice,c-free-choice,osse1243-ma-ni-,no
west2369-hic-c-specific-known,c-specific-known,west2369-hic,no
west2369-hic-c-specific-unknown,c-specific-unknown,west2369-hic,no
west2369-hic-c-irrealis-nsp,c-irrealis-nsp,west2369-hic,no
west2369-hic-c-question,c-question,west2369-hic,yes
west2369-hic-c-conditional,c-conditional,west2369-hic,no
west2369-hic-c-indirect-negation,c-indirect-negation,west2369-hic,yes
west2369-hic-c-direct-negation,c-direct-negation,west2369-hic,yes
west2369-hic-c-comparative,c-comparative,west2369-hic,no
west2369-hic-c-free-choice,c-free-choice,west2369-hic,no
west2369--i-c-specific-known,c-specific-known,west2369--i,yes
west2369--i-c-specific-unknown,c-specific-unknown,west2369--i,yes
west2369--i-c-irrealis-nsp,c-irrealis-nsp,west2369--i,yes
west2369--i-c-question,c-question,west2369--i,yes
west2369--i-c-conditional,c-conditional,west2369--i,yes
west2369--i-c-indirect-negation,c-indirect-negation,west2369--i,yes
west2369--i-c-direct-negation,c-direct-negation,west2369--i,yes
west2369--i-c-comparative,c-comparative,west2369--i,no
west2369--i-c-free-choice,c-free-choice,west2369--i,no
hind1269-bhii-c-specific-known,c-specific-known,hind1269-bhii,no
hind1269-bhii-c-specific-unknown,c-specific-unknown,hind1269-bhii,no
hind1269-bhii-c-irrealis-nsp,c-irrealis-nsp,hind1269-bhii,yes
hind1269-bhii-c-question,c-question,hind1269-bhii,yes
hind1269-bhii-c-conditional,c-conditional,hind1269-bhii,yes
hind1269-bhii-c-indirect-negation,c-indirect-negation,hind1269-bhii,yes
hind1269-bhii-c-direct-negation,c-direct-negation,hind1269-bhii,yes
hind1269-bhii-c-comparative,c-comparative,hind1269-bhii,yes
hind1269-bhii-c-free-choice,c-free-choice,hind1269-bhii,yes
hind1269-koii-c-specific-known,c-specific-known,hind1269-koii,yes
hind1269-koii-c-specific-unknown,c-specific-unknown,hind1269-koii,yes
hind1269-koii-c-irrealis-nsp,c-irrealis-nsp,hind1269-koii,yes
hind1269-koii-c-question,c-question,hind1269-koii,yes
hind1269-koii-c-conditional,c-conditional,hind1269-koii,yes
hind1269-koii-c-indirect-negation,c-indirect-negation,hind1269-koii,yes
hind1269-koii-c-direct-negation,c-direct-negation,hind1269-koii,yes
hind1269-koii-c-comparative,c-comparative,hind1269-koii,no
hind1269-koii-c-free-choice,c-free-choice,hind1269-koii,no
nucl1301-bir-c-specific-known,c-specific-known,nucl1301-bir,yes
nucl1301-bir-c-specific-unknown,c-specific-unknown,nucl1301-bir,yes
nucl1301-bir-c-irrealis-nsp,c-irrealis-nsp,nucl1301-bir,yes
nucl1301-bir-c-question,c-question,nucl1301-bir,yes
nucl1301-bir-c-conditional,c-conditional,nucl1301-bir,yes
nucl1301-bir-c-indirect-negation,c-indirect-negation,nucl1301-bir,yes
nucl1301-bir-c-direct-negation,c-direct-negation,nucl1301-bir,yes
nucl1301-bir-c-comparative,c-comparative,nucl1301-bir,no
nucl1301-bir-c-free-choice,c-free-choice,nucl1301-bir,no
nucl1301-herhangi-c-specific-known,c-specific-known,nucl1301-herhangi,no
nucl1301-herhangi-c-specific-unknown,c-specific-unknown,nucl1301-herhangi,no
nucl1301-herhangi-c-irrealis-nsp,c-irrealis-nsp,nucl1301-herhangi,yes
nucl1301-herhangi-c-question,c-question,nucl1301-herhangi,yes
nucl1301-herhangi-c-conditional,c-conditional,nucl1301-herhangi,yes
nucl1301-herhangi-c-indirect-negation,c-indirect-negation,nucl1301-herhangi,yes
nucl1301-herhangi-c-direct-negation,c-direct-negation,nucl1301-herhangi,yes
nucl1301-herhangi-c-comparative,c-comparative,nucl1301-herhangi,yes
nucl1301-herhangi-c-free-choice,c-free-choice,nucl1301-herhangi,yes
nucl1301-hic-c-specific-known,c-specific-known,nucl1301-hic,no
nucl1301-hic-c-specific-unknown,c-specific-unknown,nucl1301-hic,no
nucl1301-hic-c-irrealis-nsp,c-irrealis-nsp,nucl1301-hic,no
nucl1301-hic-c-question,c-question,nucl1301-hic,yes
nucl1301-hic-c-conditional,c-conditional,nucl1301-hic,no
nucl1301-hic-c-indirect-negation,c-indirect-negation,nucl1301-hic,yes
nucl1301-hic-c-direct-negation,c-direct-negation,nucl1301-hic,yes
nucl1301-hic-c-comparative,c-comparative,nucl1301-hic,no
nucl1301-hic-c-free-choice,c-free-choice,nucl1301-hic,no
kaza1248-alde--c-specific-known,c-specific-known,kaza1248-alde-,yes
kaza1248-alde--c-specific-unknown,c-specific-unknown,kaza1248-alde-,yes
kaza1248-alde--c-irrealis-nsp,c-irrealis-nsp,kaza1248-alde-,no
kaza1248-alde--c-question,c-question,kaza1248-alde-,no
kaza1248-alde--c-conditional,c-conditional,kaza1248-alde-,no
kaza1248-alde--c-indirect-negation,c-indirect-negation,kaza1248-alde-,no
kaza1248-alde--c-direct-negation,c-direct-negation,kaza1248-alde-,no
kaza1248-alde--c-comparative,c-comparative,kaza1248-alde-,no
kaza1248-alde--c-free-choice,c-free-choice,kaza1248-alde-,no
kaza1248-bir-c-specific-known,c-specific-known,kaza1248-bir,yes
kaza1248-bir-c-specific-unknown,c-specific-unknown,kaza1248-bir,yes
kaza1248-bir-c-irrealis-nsp,c-irrealis-nsp,kaza1248-bir,yes
kaza1248-bir-c-question,c-question,kaza1248-bir,yes
kaza1248-bir-c-conditional,c-conditional,kaza1248-bir,yes
kaza1248-bir-c-indirect-negation,c-indirect-negation,kaza1248-bir,yes
kaza1248-bir-c-direct-negation,c-direct-negation,kaza1248-bir,no
kaza1248-bir-c-comparative,c-comparative,kaza1248-bir,no
kaza1248-bir-c-free-choice,c-free-choice,kaza1248-bir,no
kaza1248-bolsada-c-specific-known,c-specific-known,kaza1248-bolsada,no
kaza1248-bolsada-c-specific-unknown,c-specific-unknown,kaza1248-bolsada,no
kaza1248-bolsada-c-irrealis-nsp,c-irrealis-nsp,kaza1248-bolsada,no
kaza1248-bolsada-c-question,c-question,kaza1248-bolsada,yes
kaza1248-bolsada-c-conditional,c-conditional,kaza1248-bolsada,yes
kaza1248-bolsada-c-indirect-negation,c-indirect-negation,kaza1248-bolsada,no
kaza1248-bolsada-c-direct-negation,c-direct-negation,kaza1248-bolsada,no
kaza1248-bolsada-c-comparative,c-comparative,kaza1248-bolsada,yes
kaza1248-bolsada-c-free-choice,c-free-choice,kaza1248-bolsada,yes
kaza1248-es-c-specific-known,c-specific-known,kaza1248-es,no
kaza1248-es-c-specific-unknown,c-specific-unknown,kaza1248-es,no
kaza1248-es-c-irrealis-nsp,c-irrealis-nsp,kaza1248-es,no
kaza1248-es-c-question,c-question,kaza1248-es,no
kaza1248-es-c-conditional,c-conditional,kaza1248-es,no
kaza1248-es-c-indirect-negation,c-indirect-negation,kaza1248-es,no
kaza1248-es-c-direct-negation,c-direct-negation,kaza1248-es,yes
kaza1248-es-c-comparative,c-comparative,kaza1248-es,no
kaza1248-es-c-free-choice,c-free-choice,kaza1248-es,no
yaku1245-bayarar-c-specific-known,c-specific-known,yaku1245-bayarar,no
yaku1245-bayarar-c-specific-unknown,c-specific-unknown,yaku1245-bayarar,no
yaku1245-bayarar-c-irrealis-nsp,c-irrealis-nsp,yaku1245-bayarar,no
yaku1245-bayarar-c-question,c-question,yaku1245-bayarar,no
yaku1245-bayarar-c-conditional,c-conditional,yaku1245-bayarar,no
yaku1245-bayarar-c-indirect-negation,c-indirect-negation,yaku1245-bayarar,no
yaku1245-bayarar-c-direct-negation,c-direct-negation,yaku1245-bayarar,no
yaku1245-bayarar-c-comparative,c-comparative,yaku1245-bayarar,no
yaku1245-bayarar-c-free-choice,c-free-choice,yaku1245-bayarar,yes
yaku1245--da-c-specific-known,c-specific-known,yaku1245--da,no
yaku1245--da-c-specific-unknown,c-specific-unknown,yaku1245--da,no
yaku1245--da-c-irrealis-nsp,c-irrealis-nsp,yaku1245--da,no
yaku1245--da-c-question,c-question,yaku1245--da,no
yaku1245--da-c-conditional,c-conditional,yaku1245--da,no
yaku1245--da-c-indirect-negation,c-indirect-negation,yaku1245--da,yes
yaku1245--da-c-direct-negation,c-direct-negation,yaku1245--da,yes
yaku1245--da-c-comparative,c-comparative,yaku1245--da,yes
yaku1245--da-c-free-choice,c-free-choice,yaku1245--da,yes
yaku1245-eme-c-specific-known,c-specific-known,yaku1245-eme,no
yaku1245-eme-c-specific-unknown,c-specific-unknown,yaku1245-eme,no
yaku1245-eme-c-irrealis-nsp,c-irrealis-nsp,yaku1245-eme,yes
yaku1245-eme-c-question,c-question,yaku1245-eme,yes
yaku1245-eme-c-conditional,c-conditional,yaku1245-eme,yes
yaku1245-eme-c-indirect-negation,c-indirect-negation,yaku1245-eme,no
yaku1245-eme-c-direct-negation,c-direct-negation,yaku1245-eme,no
yaku1245-eme-c-comparative,c-comparative,yaku1245-eme,no
yaku1245-eme-c-free-choice,c-free-choice,yaku1245-eme,no
yaku1245-ere-c-specific-known,c-specific-known,yaku1245-ere,yes
yaku1245-ere-c-specific-unknown,c-specific-unknown,yaku1245-ere,yes
yaku1245-ere-c-irrealis-nsp,c-irrealis-nsp,yaku1245-ere,no
yaku1245-ere-c-question,c-question,yaku1245-ere,no
yaku1245-ere-c-conditional,c-conditional,yaku1245-ere,no
yaku1245-ere-c-indirect-negation,c-indirect-negation,yaku1245-ere,no
yaku1245-ere-c-direct-negation,c-direct-negation,yaku1245-ere,no
yaku1245-ere-c-comparative,c-comparative,yaku1245-ere,no
yaku1245-ere-c-free-choice,c-free-choice,yaku1245-ere,no
hung1274-akar-bar--c-specific-known,c-specific-known,hung1274-akar-bar-,no
hung1274-akar-bar--c-specific-unknown,c-specific-unknown,hung1274-akar-bar-,no
hung1274-akar-bar--c-irrealis-nsp,c-irrealis-nsp,hung1274-akar-bar-,no
hung1274-akar-bar--c-question,c-question,hung1274-akar-bar-,no
hung1274-akar-bar--c-conditional,c-conditional,hung1274-akar-bar-,yes
hung1274-akar-bar--c-indirect-negation,c-indirect-negation,hung1274-akar-bar-,yes
hung1274-akar-bar--c-direct-negation,c-direct-negation,hung1274-akar-bar-,no
hung1274-akar-bar--c-comparative,c-comparative,hung1274-akar-bar-,yes
hung1274-akar-bar--c-free-choice,c-free-choice,hung1274-akar-bar-,yes
hung1274-sem-c-specific-known,c-specific-known,hung1274-sem,no
hung1274-sem-c-specific-unknown,c-specific-unknown,hung1274-sem,no
hung1274-sem-c-irrealis-nsp,c-irrealis-nsp,hung1274-sem,no
hung1274-sem-c-question,c-question,hung1274-sem,no
hung1274-sem-c-conditional,c-conditional,hung1274-sem,no
hung1274-sem-c-indirect-negation,c-indirect-negation,hung1274-sem,no
hung1274-sem-c-direct-negation,c-direct-negation,hung1274-sem,yes
hung1274-sem-c-comparative,c-comparative,hung1274-sem,no
hung1274-sem-c-free-choice,c-free-choice,hung1274-sem,no
hung1274-vala--c-specific-known,c-specific-known,hung1274-vala-,yes
hung1274-vala--c-specific-unknown,c-specific-unknown,hung1274-vala-,yes
hung1274-vala--c-irrealis-nsp,c-irrealis-nsp,hung1274-vala-,yes
hung1274-vala--c-question,c-question,hung1274-vala-,yes
hung1274-vala--c-conditional,c-conditional,hung1274-vala-,yes
hung1274-vala--c-indirect-negation,c-indirect-negation,hung1274-vala-,yes
hung1274-vala--c-direct-negation,c-direct-negation,hung1274-vala-,no
hung1274-vala--c-comparative,c-comparative,hung1274-vala-,no
hung1274-vala--c-free-choice,c-free-choice,hung1274-vala-,no
finn1318-eras-c-specific-known,c-specific-known,finn1318-eras,yes
finn1318-eras-c-specific-unknown,c-specific-unknown,finn1318-eras,no
finn1318-eras-c-irrealis-nsp,c-irrealis-nsp,finn1318-eras,no
finn1318-eras-c-question,c-question,finn1318-eras,no
finn1318-eras-c-conditional,c-conditional,finn1318-eras,no
finn1318-eras-c-indirect-negation,c-indirect-negation,finn1318-eras,no
finn1318-eras-c-direct-negation,c-direct-negation,finn1318-eras,no
finn1318-eras-c-comparative,c-comparative,finn1318-eras,no
finn1318-eras-c-free-choice,c-free-choice,finn1318-eras,no
finn1318-hyvansa-c-specific-known,c-specific-known,finn1318-hyvansa,no
finn1318-hyvansa-c-specific-unknown,c-specific-unknown,finn1318-hyvansa,no
finn1318-hyvansa-c-irrealis-nsp,c-irrealis-nsp,finn1318-hyvansa,no
finn1318-hyvansa-c-question,c-question,finn1318-hyvansa,no
finn1318-hyvansa-c-conditional,c-conditional,finn1318-hyvansa,yes
finn1318-hyvansa-c-indirect-negation,c-indirect-negation,finn1318-hyvansa,no
finn1318-hyvansa-c-direct-negation,c-direct-negation,finn1318-hyvansa,no
finn1318-hyvansa-c-comparative,c-comparative,finn1318-hyvansa,yes
finn1318-hyvansa-c-free-choice,c-free-choice,finn1318-hyvansa,yes
finn1318--kaan-c-specific-known,c-specific-known,finn1318--kaan,no
finn1318--kaan-c-specific-unknown,c-specific-unknown,finn1318--kaan,no
finn1318--kaan-c-irrealis-nsp,c-irrealis-nsp,finn1318--kaan,no
finn1318--kaan-c-question,c-question,finn1318--kaan,yes
finn1318--kaan-c-conditional,c-conditional,finn1318--kaan,no
finn1318--kaan-c-indirect-negation,c-indirect-negation,finn1318--kaan,yes
finn1318--kaan-c-direct-negation,c-direct-negation,finn1318--kaan,yes
finn1318--kaan-c-comparative,c-comparative,finn1318--kaan,yes
finn1318--kaan-c-free-choice,c-free-choice,finn1318--kaan,no
finn1318--kin-c-specific-known,c-specific-known,finn1318--kin,no
finn1318--kin-c-specific-unknown,c-specific-unknown,finn1318--kin,yes
finn1318--kin-c-irrealis-nsp,c-irrealis-nsp,finn1318--kin,yes
finn1318--kin-c-question,c-question,finn1318--kin,yes
finn1318--kin-c-conditional,c-conditional,finn1318--kin,yes
finn1318--kin-c-indirect-negation,c-indirect-negation,finn1318--kin,no
finn1318--kin-c-direct-negation,c-direct-negation,finn1318--kin,no
finn1318--kin-c-comparative,c-comparative,finn1318--kin,no
finn1318--kin-c-free-choice,c-free-choice,finn1318--kin,no
nana1257--daa-c-specific-known,c-specific-known,nana1257--daa,no
nana1257--daa-c-specific-unknown,c-specific-unknown,nana1257--daa,no
nana1257--daa-c-irrealis-nsp,c-irrealis-nsp,nana1257--daa,yes
nana1257--daa-c-question,c-question,nana1257--daa,yes
nana1257--daa-c-conditional,c-conditional,nana1257--daa,yes
nana1257--daa-c-indirect-negation,c-indirect-negation,nana1257--daa,yes
nana1257--daa-c-direct-negation,c-direct-negation,nana1257--daa,yes
nana1257--daa-c-comparative,c-comparative,nana1257--daa,yes
nana1257--daa-c-free-choice,c-free-choice,nana1257--daa,no
nana1257--daaxemaja-c-specific-known,c-specific-known,nana1257--daaxemaja,no
nana1257--daaxemaja-c-specific-unknown,c-specific-unknown,nana1257--daaxemaja,no
nana1257--daaxemaja-c-irrealis-nsp,c-irrealis-nsp,nana1257--daaxemaja,no
nana1257--daaxemaja-c-question,c-question,nana1257--daaxemaja,no
nana1257--daaxemaja-c-conditional,c-conditional,nana1257--daaxemaja,no
nana1257--daaxemaja-c-indirect-negation,c-indirect-negation,nana1257--daaxemaja,no
nana1257--daaxemaja-c-direct-negation,c-direct-negation,nana1257--daaxemaja,no
nana1257--daaxemaja-c-comparative,c-comparative,nana1257--daaxemaja,no
nana1257--daaxemaja-c-free-choice,c-free-choice,nana1257--daaxemaja,yes
nana1257--nuu-c-specific-known,c-specific-known,nana1257--nuu,yes
nana1257--nuu-c-specific-unknown,c-specific-unknown,nana1257--nuu,yes
nana1257--nuu-c-irrealis-nsp,c-irrealis-nsp,nana1257--nuu,no
nana1257--nuu-c-question,c-question,nana1257--nuu,no
nana1257--nuu-c-conditional,c-conditional,nana1257--nuu,no
nana1257--nuu-c-indirect-negation,c-indirect-negation,nana1257--nuu,no
nana1257--nuu-c-direct-negation,c-direct-negation,nana1257--nuu,no
nana1257--nuu-c-comparative,c-comparative,nana1257--nuu,no
nana1257--nuu-c-free-choice,c-free-choice,nana1257--nuu,no
lezg1247-sawhjatani-c-specific-known,c-specific-known,lezg1247-sawhjatani,yes
lezg1247-sawhjatani-c-specific-unknown,c-specific-unknown,lezg1247-sawhjatani,yes
lezg1247-sawhjatani-c-irrealis-nsp,c-irrealis-nsp,lezg1247-sawhjatani,yes
lezg1247-sawhjatani-c-question,c-question,lezg1247-sawhjatani,yes
lezg1247-sawhjatani-c-conditional,c-conditional,lezg1247-sawhjatani,yes
lezg1247-sawhjatani-c-indirect-negation,c-indirect-negation,lezg1247-sawhjatani,no
lezg1247-sawhjatani-c-direct-negation,c-direct-negation,lezg1247-sawhjatani,no
lezg1247-sawhjatani-c-comparative,c-comparative,lezg1247-sawhjatani,no
lezg1247-sawhjatani-c-free-choice,c-free-choice,lezg1247-sawhjatani,no
lezg1247-sax-ni-c-specific-known,c-specific-known,lezg1247-sax-ni,no
lezg1247-sax-ni-c-specific-unknown,c-specific-unknown,lezg1247-sax-ni,no
lezg1247-sax-ni-c-irrealis-nsp,c-irrealis-nsp,lezg1247-sax-ni,no
lezg1247-sax-ni-c-question,c-question,lezg1247-sax-ni,no
lezg1247-sax-ni-c-conditional,c-conditional,lezg1247-sax-ni,no
lezg1247-sax-ni-c-indirect-negation,c-indirect-negation,lezg1247-sax-ni,yes
lezg1247-sax-ni-c-direct-negation,c-direct-negation,lezg1247-sax-ni,yes
lezg1247-sax-ni-c-comparative,c-comparative,lezg1247-sax-ni,no
lezg1247-sax-ni-c-free-choice,c-free-choice,lezg1247-sax-ni,no
lezg1247-xajitani-c-specific-known,c-specific-known,lezg1247-xajitani,no
lezg1247-xajitani-c-specific-unknown,c-specific-unknown,lezg1247-xajitani,no
lezg1247-xajitani-c-irrealis-nsp,c-irrealis-nsp,lezg1247-xajitani,no
lezg1247-xajitani-c-question,c-question,lezg1247-xajitani,no
lezg1247-xajitani-c-conditional,c-conditional,lezg1247-xajitani,no
lezg1247-xajitani-c-indirect-negation,c-indirect-negation,lezg1247-xajitani,no
lezg1247-xajitani-c-direct-negation,c-direct-negation,lezg1247-xajitani,no
lezg1247-xajitani-c-comparative,c-comparative,lezg1247-xajitani,yes
lezg1247-xajitani-c-free-choice,c-free-choice,lezg1247-xajitani,yes
malt1254-ebda-c-specific-known,c-specific-known,malt1254-ebda,no
malt1254-ebda-c-specific-unknown,c-specific-unknown,malt1254-ebda,no
malt1254-ebda-c-irrealis-nsp,c-irrealis-nsp,malt1254-ebda,no
malt1254-ebda-c-question,c-question,malt1254-ebda,no
malt1254-ebda-c-conditional,c-conditional,malt1254-ebda,no
malt1254-ebda-c-indirect-negation,c-indirect-negation,malt1254-ebda,yes
malt1254-ebda-c-direct-negation,c-direct-negation,malt1254-ebda,yes
malt1254-ebda-c-comparative,c-comparative,malt1254-ebda,yes
malt1254-ebda-c-free-choice,c-free-choice,malt1254-ebda,no
malt1254-xi-c-specific-known,c-specific-known,malt1254-xi,yes
malt1254-xi-c-specific-unknown,c-specific-unknown,malt1254-xi,yes
malt1254-xi-c-irrealis-nsp,c-irrealis-nsp,malt1254-xi,yes
malt1254-xi-c-question,c-question,malt1254-xi,yes
malt1254-xi-c-conditional,c-conditional,malt1254-xi,yes
malt1254-xi-c-indirect-negation,c-indirect-negation,malt1254-xi,no
malt1254-xi-c-direct-negation,c-direct-negation,malt1254-xi,no
malt1254-xi-c-comparative,c-comparative,malt1254-xi,no
malt1254-xi-c-free-choice,c-free-choice,malt1254-xi,no
hebr1245-afsum-c-specific-known,c-specific-known,hebr1245-afsum,no
hebr1245-afsum-c-specific-unknown,c-specific-unknown,hebr1245-afsum,no
hebr1245-afsum-c-irrealis-nsp,c-irrealis-nsp,hebr1245-afsum,no
hebr1245-afsum-c-question,c-question,hebr1245-afsum,no
hebr1245-afsum-c-conditional,c-conditional,hebr1245-afsum,no
hebr1245-afsum-c-indirect-negation,c-indirect-negation,hebr1245-afsum,yes
hebr1245-afsum-c-direct-negation,c-direct-negation,hebr1245-afsum,yes
hebr1245-afsum-c-comparative,c-comparative,hebr1245-afsum,no
hebr1245-afsum-c-free-choice,c-free-choice,hebr1245-afsum,no
hebr1245-is-c-specific-known,c-specific-known,hebr1245-is,no
hebr1245-is-c-specific-unknown,c-specific-unknown,hebr1245-is,no
hebr1245-is-c-irrealis-nsp,c-irrealis-nsp,hebr1245-is,no
hebr1245-is-c-question,c-question,hebr1245-is,yes
hebr1245-is-c-conditional,c-conditional,hebr1245-is,yes
hebr1245-is-c-indirect-negation,c-indirect-negation,hebr1245-is,yes
hebr1245-is-c-direct-negation,c-direct-negation,hebr1245-is,yes
hebr1245-is-c-comparative,c-comparative,hebr1245-is,no
hebr1245-is-c-free-choice,c-free-choice,hebr1245-is,no
hebr1245-kol-c-specific-known,c-specific-known,hebr1245-kol,no
hebr1245-kol-c-specific-unknown,c-specific-unknown,hebr1245-kol,no
hebr1245-kol-c-irrealis-nsp,c-irrealis-nsp,hebr1245-kol,no
hebr1245-kol-c-question,c-question,hebr1245-kol,no
hebr1245-kol-c-conditional,c-conditional,hebr1245-kol,no
hebr1245-kol-c-indirect-negation,c-indirect-negation,hebr1245-kol,no
hebr1245-kol-c-direct-negation,c-direct-negation,hebr1245-kol,no
hebr1245-kol-c-comparative,c-comparative,hebr1245-kol,yes
hebr1245-kol-c-free-choice,c-free-choice,hebr1245-kol,yes
hebr1245-sehu-c-specific-known,c-specific-known,hebr1245-sehu,yes
hebr1245-sehu-c-specific-unknown,c-specific-unknown,hebr1245-sehu,yes
hebr1245-sehu-c-irrealis-nsp,c-irrealis-nsp,hebr1245-sehu,yes
hebr1245-sehu-c-question,c-question,hebr1245-sehu,yes
hebr1245-sehu-c-conditional,c-conditional,hebr1245-sehu,yes
hebr1245-sehu-c-indirect-negation,c-indirect-negation,hebr1245-sehu,yes
hebr1245-sehu-c-direct-negation,c-direct-negation,hebr1245-sehu,no
hebr1245-sehu-c-comparative,c-comparative,hebr1245-sehu,no
hebr1245-sehu-c-free-choice,c-free-choice,hebr1245-sehu,no
haus1257-koo-c-specific-known,c-specific-known,haus1257-koo,no
haus1257-koo-c-specific-unknown,c-specific-unknown,haus1257-koo,no
haus1257-koo-c-irrealis-nsp,c-irrealis-nsp,haus1257-koo,no
haus1257-koo-c-question,c-question,haus1257-koo,no
haus1257-koo-c-conditional,c-conditional,haus1257-koo,no
haus1257-koo-c-indirect-negation,c-indirect-negation,haus1257-koo,yes
haus1257-koo-c-direct-negation,c-direct-negation,haus1257-koo,yes
haus1257-koo-c-comparative,c-comparative,haus1257-koo,yes
haus1257-koo-c-free-choice,c-free-choice,haus1257-koo,yes
haus1257-wani-c-specific-known,c-specific-known,haus1257-wani,yes
haus1257-wani-c-specific-unknown,c-specific-unknown,haus1257-wani,yes
haus1257-wani-c-irrealis-nsp,c-irrealis-nsp,haus1257-wani,yes
haus1257-wani-c-question,c-question,haus1257-wani,yes
haus1257-wani-c-conditional,c-conditional,haus1257-wani,yes
haus1257-wani-c-indirect-negation,c-indirect-negation,haus1257-wani,no
haus1257-wani-c-direct-negation,c-direct-negation,haus1257-wani,no
haus1257-wani-c-comparative,c-comparative,haus1257-wani,no
haus1257-wani-c-free-choice,c-free-choice,haus1257-wani,no
swah1253-cl-ocl-ote-c-specific-known,c-specific-known,swah1253-cl-ocl-ote,no
swah1253-cl-ocl-ote-c-specific-unknown,c-specific-unknown,swah1253-cl-ocl-ote,no
swah1253-cl-ocl-ote-c-irrealis-nsp,c-irrealis-nsp,swah1253-cl-ocl-ote,no
swah1253-cl-ocl-ote-c-question,c-question,swah1253-cl-ocl-ote,yes
swah1253-cl-ocl-ote-c-conditional,c-conditional,swah1253-cl-ocl-ote,yes
swah1253-cl-ocl-ote-c-indirect-negation,c-indirect-negation,swah1253-cl-ocl-ote,yes
swah1253-cl-ocl-ote-c-direct-negation,c-direct-negation,swah1253-cl-ocl-ote,yes
swah1253-cl-ocl-ote-c-comparative,c-comparative,swah1253-cl-ocl-ote,yes
swah1253-cl-ocl-ote-c-free-choice,c-free-choice,swah1253-cl-ocl-ote,yes
swah1253-nonegenericnouns-c-specific-known,c-specific-known,swah1253-nonegenericnouns,yes
swah1253-nonegenericnouns-c-specific-unknown,c-specific-unknown,swah1253-nonegenericnouns,yes
swah1253-nonegenericnouns-c-irrealis-nsp,c-irrealis-nsp,swah1253-nonegenericnouns,yes
swah1253-nonegenericnouns-c-question,c-question,swah1253-nonegenericnouns,yes
swah1253-nonegenericnouns-c-conditional,c-conditional,swah1253-nonegenericnouns,yes
swah1253-nonegenericnouns-c-indirect-negation,c-indirect-negation,swah1253-nonegenericnouns,yes
swah1253-nonegenericnouns-c-direct-negation,c-direct-negation,swah1253-nonegenericnouns,yes
swah1253-nonegenericnouns-c-comparative,c-comparative,swah1253-nonegenericnouns,no
swah1253-nonegenericnouns-c-free-choice,c-free-choice,swah1253-nonegenericnouns,no
nucl1302-ara--c-specific-known,c-specific-known,nucl1302-ara-,no
nucl1302-ara--c-specific-unknown,c-specific-unknown,nucl1302-ara-,no
nucl1302-ara--c-irrealis-nsp,c-irrealis-nsp,nucl1302-ara-,no
nucl1302-ara--c-question,c-question,nucl1302-ara-,no
nucl1302-ara--c-conditional,c-conditional,nucl1302-ara-,no
nucl1302-ara--c-indirect-negation,c-indirect-negation,nucl1302-ara-,no
nucl1302-ara--c-direct-negation,c-direct-negation,nucl1302-ara-,yes
nucl1302-ara--c-comparative,c-comparative,nucl1302-ara-,no
nucl1302-ara--c-free-choice,c-free-choice,nucl1302-ara-,no
nucl1302--me-c-specific-known,c-specific-known,nucl1302--me,no
nucl1302--me-c-specific-unknown,c-specific-unknown,nucl1302--me,no
nucl1302--me-c-irrealis-nsp,c-irrealis-nsp,nucl1302--me,yes
nucl1302--me-c-question,c-question,nucl1302--me,yes
nucl1302--me-c-conditional,c-conditional,nucl1302--me,yes
nucl1302--me-c-indirect-negation,c-indirect-negation,nucl1302--me,yes
nucl1302--me-c-direct-negation,c-direct-negation,nucl1302--me,no
nucl1302--me-c-comparative,c-comparative,nucl1302--me,yes
nucl1302--me-c-free-choice,c-free-choice,nucl1302--me,no
nucl1302--yac-c-specific-known,c-specific-known,nucl1302--yac,yes
nucl1302--yac-c-specific-unknown,c-specific-unknown,nucl1302--yac,yes
nucl1302--yac-c-irrealis-nsp,c-irrealis-nsp,nucl1302--yac,no
nucl1302--yac-c-question,c-question,nucl1302--yac,no
nucl1302--yac-c-conditional,c-conditional,nucl1302--yac,no
nucl1302--yac-c-indirect-negation,c-indirect-negation,nucl1302--yac,no
nucl1302--yac-c-direct-negation,c-direct-negation,nucl1302--yac,no
nucl1302--yac-c-comparative,c-comparative,nucl1302--yac,no
nucl1302--yac-c-free-choice,c-free-choice,nucl1302--yac,no
nucl1305--aadarun-c-specific-known,c-specific-known,nucl1305--aadarun,no
nucl1305--aadarun-c-specific-unknown,c-specific-unknown,nucl1305--aadarun,no
nucl1305--aadarun-c-irrealis-nsp,c-irrealis-nsp,nucl1305--aadarun,yes
nucl1305--aadarun-c-question,c-question,nucl1305--aadarun,yes
nucl1305--aadarun-c-conditional,c-conditional,nucl1305--aadarun,yes
nucl1305--aadarun-c-indirect-negation,c-indirect-negation,nucl1305--aadarun,no
nucl1305--aadarun-c-direct-negation,c-direct-negation,nucl1305--aadarun,no
nucl1305--aadarun-c-comparative,c-comparative,nucl1305--aadarun,no
nucl1305--aadarun-c-free-choice,c-free-choice,nucl1305--aadarun,no
nucl1305--oo-c-specific-known,c-specific-known,nucl1305--oo,no
nucl1305--oo-c-specific-unknown,c-specific-unknown,nucl1305--oo,yes
nucl1305--oo-c-irrealis-nsp,c-irrealis-nsp,nucl1305--oo,no
nucl1305--oo-c-question,c-question,nucl1305--oo,no
nucl1305--oo-c-conditional,c-conditional,nucl1305--oo,no
nucl1305--oo-c-indirect-negation,c-indirect-negation,nucl1305--oo,no
nucl1305--oo-c-direct-negation,c-direct-negation,nucl1305--oo,no
nucl1305--oo-c-comparative,c-comparative,nucl1305--oo,no
nucl1305--oo-c-free-choice,c-free-choice,nucl1305--oo,no
nucl1305--uu-c-specific-known,c-specific-known,nucl1305--uu,no
nucl1305--uu-c-specific-unknown,c-specific-unknown,nucl1305--uu,no
nucl1305--uu-c-irrealis-nsp,c-irrealis-nsp,nucl1305--uu,no
nucl1305--uu-c-question,c-question,nucl1305--uu,no
nucl1305--uu-c-conditional,c-conditional,nucl1305--uu,no
nucl1305--uu-c-indirect-negation,c-indirect-negation,nucl1305--uu,yes
nucl1305--uu-c-direct-negation,c-direct-negation,nucl1305--uu,yes
nucl1305--uu-c-comparative,c-comparative,nucl1305--uu,yes
nucl1305--uu-c-free-choice,c-free-choice,nucl1305--uu,yes
mand1415-nonebarewh-c-specific-known,c-specific-known,mand1415-nonebarewh,no
mand1415-nonebarewh-c-specific-unknown,c-specific-unknown,mand1415-nonebarewh,no
mand1415-nonebarewh-c-irrealis-nsp,c-irrealis-nsp,mand1415-nonebarewh,yes
mand1415-nonebarewh-c-question,c-question,mand1415-nonebarewh,yes
mand1415-nonebarewh-c-conditional,c-conditional,mand1415-nonebarewh,yes
mand1415-nonebarewh-c-indirect-negation,c-indirect-negation,mand1415-nonebarewh,yes
mand1415-nonebarewh-c-direct-negation,c-direct-negation,mand1415-nonebarewh,yes
mand1415-nonebarewh-c-comparative,c-comparative,mand1415-nonebarewh,no
mand1415-nonebarewh-c-free-choice,c-free-choice,mand1415-nonebarewh,no
mand1415-renhe-c-specific-known,c-specific-known,mand1415-renhe,no
mand1415-renhe-c-specific-unknown,c-specific-unknown,mand1415-renhe,no
mand1415-renhe-c-irrealis-nsp,c-irrealis-nsp,mand1415-renhe,no
mand1415-renhe-c-question,c-question,mand1415-renhe,no
mand1415-renhe-c-conditional,c-conditional,mand1415-renhe,no
mand1415-renhe-c-indirect-negation,c-indirect-negation,mand1415-renhe,yes
mand1415-renhe-c-direct-negation,c-direct-negation,mand1415-renhe,yes
mand1415-renhe-c-comparative,c-comparative,mand1415-renhe,yes
mand1415-renhe-c-free-choice,c-free-choice,mand1415-renhe,yes
mand1415-yedou-c-specific-known,c-specific-known,mand1415-yedou,no
mand1415-yedou-c-specific-unknown,c-specific-unknown,mand1415-yedou,no
mand1415-yedou-c-irrealis-nsp,c-irrealis-nsp,mand1415-yedou,no
mand1415-yedou-c-question,c-question,mand1415-yedou,no
mand1415-yedou-c-conditional,c-conditional,mand1415-yedou,no
mand1415-yedou-c-indirect-negation,c-indirect-negation,mand1415-yedou,no
mand1415-yedou-c-direct-negation,c-direct-negation,mand1415-yedou,yes
mand1415-yedou-c-comparative,c-comparative,mand1415-yedou,no
mand1415-yedou-c-free-choice,c-free-choice,mand1415-yedou,no
apam1237--pis-c-specific-known,c-specific-known,apam1237--pis,no
apam1237--pis-c-specific-unknown,c-specific-unknown,apam1237--pis,no
apam1237--pis-c-irrealis-nsp,c-irrealis-nsp,apam1237--pis,yes
apam1237--pis-c-question,c-question,apam1237--pis,yes
apam1237--pis-c-conditional,c-conditional,apam1237--pis,yes
apam1237--pis-c-indirect-negation,c-indirect-negation,apam1237--pis,yes
apam1237--pis-c-direct-negation,c-direct-negation,apam1237--pis,yes
apam1237--pis-c-comparative,c-comparative,apam1237--pis,yes
apam1237--pis-c-free-choice,c-free-choice,apam1237--pis,yes
nucl1643--demo-c-specific-known,c-specific-known,nucl1643--demo,no
nucl1643--demo-c-specific-unknown,c-specific-unknown,nucl1643--demo,no
nucl1643--demo-c-irrealis-nsp,c-irrealis-nsp,nucl1643--demo,no
nucl1643--demo-c-question,c-question,nucl1643--demo,no
nucl1643--demo-c-conditional,c-conditional,nucl1643--demo,no
nucl1643--demo-c-indirect-negation,c-indirect-negation,nucl1643--demo,no
nucl1643--demo-c-direct-negation,c-direct-negation,nucl1643--demo,no
nucl1643--demo-c-comparative,c-comparative,nucl1643--demo,no
nucl1643--demo-c-free-choice,c-free-choice,nucl1643--demo,yes
nucl1643--ka-c-specific-known,c-specific-known,nucl1643--ka,yes
nucl1643--ka-c-specific-unknown,c-specific-unknown,nucl1643--ka,yes
nucl1643--ka-c-irrealis-nsp,c-irrealis-nsp,nucl1643--ka,yes
nucl1643--ka-c-question,c-question,nucl1643--ka,yes
nucl1643--ka-c-conditional,c-conditional,nucl1643--ka,yes
nucl1643--ka-c-indirect-negation,c-indirect-negation,nucl1643--ka,no
nucl1643--ka-c-direct-negation,c-direct-negation,nucl1643--ka,no
nucl1643--ka-c-comparative,c-comparative,nucl1643--ka,no
nucl1643--ka-c-free-choice,c-free-choice,nucl1643--ka,no
nucl1643--mo-c-specific-known,c-specific-known,nucl1643--mo,no
nucl1643--mo-c-specific-unknown,c-specific-unknown,nucl1643--mo,no
nucl1643--mo-c-irrealis-nsp,c-irrealis-nsp,nucl1643--mo,no
nucl1643--mo-c-question,c-question,nucl1643--mo,no
nucl1643--mo-c-conditional,c-conditional,nucl1643--mo,no
nucl1643--mo-c-indirect-negation,c-indirect-negation,nucl1643--mo,yes
nucl1643--mo-c-direct-negation,c-direct-negation,nucl1643--mo,yes
nucl1643--mo-c-comparative,c-comparative,nucl1643--mo,yes
nucl1643--mo-c-free-choice,c-free-choice,nucl1643--mo,no
kore1280-barewh-nka-c-specific-known,c-specific-known,kore1280-barewh-nka,yes
kore1280-barewh-nka-c-specific-unknown,c-specific-unknown,kore1280-barewh-nka,yes
kore1280-barewh-nka-c-irrealis-nsp,c-irrealis-nsp,kore1280-barewh-nka,yes
kore1280-barewh-nka-c-question,c-question,kore1280-barewh-nka,yes
kore1280-barewh-nka-c-conditional,c-conditional,kore1280-barewh-nka,yes
kore1280-barewh-nka-c-indirect-negation,c-indirect-negation,kore1280-barewh-nka,yes
kore1280-barewh-nka-c-direct-negation,c-direct-negation,kore1280-barewh-nka,no
kore1280-barewh-nka-c-comparative,c-comparative,kore1280-barewh-nka,no
kore1280-barewh-nka-c-free-choice,c-free-choice,kore1280-barewh-nka,no
kore1280--na-tunci-c-specific-known,c-specific-known,kore1280--na-tunci,no
kore1280--na-tunci-c-specific-unknown,c-specific-unknown,kore1280--na-tunci,no
kore1280--na-tunci-c-irrealis-nsp,c-irrealis-nsp,kore1280--na-tunci,no
kore1280--na-tunci-c-question,c-question,kore1280--na-tunci,no
kore1280--na-tunci-c-conditional,c-conditional,kore1280--na-tunci,no
kore1280--na-tunci-c-indirect-negation,c-indirect-negation,kore1280--na-tunci,no
kore1280--na-tunci-c-direct-negation,c-direct-negation,kore1280--na-tunci,no
kore1280--na-tunci-c-comparative,c-comparative,kore1280--na-tunci,no
kore1280--na-tunci-c-free-choice,c-free-choice,kore1280--na-tunci,yes
kore1280--to-c-specific-known,c-specific-known,kore1280--to,no
kore1280--to-c-specific-unknown,c-specific-unknown,kore1280--to,no
kore1280--to-c-irrealis-nsp,c-irrealis-nsp,kore1280--to,no
kore1280--to-c-question,c-question,kore1280--to,no
kore1280--to-c-conditional,c-conditional,kore1280--to,no
kore1280--to-c-indirect-negation,c-indirect-negation,kore1280--to,yes
kore1280--to-c-direct-negation,c-direct-negation,kore1280--to,yes
kore1280--to-c-comparative,c-comparative,kore1280--to,yes
kore1280--to-c-free-choice,c-free-choice,kore1280--to,no
basq1248-bat-c-specific-known,c-specific-known,basq1248-bat,yes
basq1248-bat-c-specific-unknown,c-specific-unknown,basq1248-bat,no
basq1248-bat-c-irrealis-nsp,c-irrealis-nsp,basq1248-bat,no
basq1248-bat-c-question,c-question,basq1248-bat,no
basq1248-bat-c-conditional,c-conditional,basq1248-bat,no
basq1248-bat-c-indirect-negation,c-indirect-negation,basq1248-bat,no
basq1248-bat-c-direct-negation,c-direct-negation,basq1248-bat,no
basq1248-bat-c-comparative,c-comparative,basq1248-bat,no
basq1248-bat-c-free-choice,c-free-choice,basq1248-bat,no
basq1248--bait-c-specific-known,c-specific-known,basq1248--bait,no
basq1248--bait-c-specific-unknown,c-specific-unknown,basq1248--bait,yes
basq1248--bait-c-irrealis-nsp,c-irrealis-nsp,basq1248--bait,yes
basq1248--bait-c-question,c-question,basq1248--bait,no
basq1248--bait-c-conditional,c-conditional,basq1248--bait,no
basq1248--bait-c-indirect-negation,c-indirect-negation,basq1248--bait,no
basq1248--bait-c-direct-negation,c-direct-negation,basq1248--bait,no
basq1248--bait-c-comparative,c-comparative,basq1248--bait,no
basq1248--bait-c-free-choice,c-free-choice,basq1248--bait,no
basq1248-edo--nahi-c-specific-known,c-specific-known,basq1248-edo--nahi,no
basq1248-edo--nahi-c-specific-unknown,c-specific-unknown,basq1248-edo--nahi,no
basq1248-edo--nahi-c-irrealis-nsp,c-irrealis-nsp,basq1248-edo--nahi,no
basq1248-edo--nahi-c-question,c-question,basq1248-edo--nahi,no
basq1248-edo--nahi-c-conditional,c-conditional,basq1248-edo--nahi,no
basq1248-edo--nahi-c-indirect-negation,c-indirect-negation,basq1248-edo--nahi,no
basq1248-edo--nahi-c-direct-negation,c-direct-negation,basq1248-edo--nahi,no
basq1248-edo--nahi-c-comparative,c-comparative,basq1248-edo--nahi,yes
basq1248-edo--nahi-c-free-choice,c-free-choice,basq1248-edo--nahi,yes
basq1248-i--c-specific-known,c-specific-known,basq1248-i-,no
basq1248-i--c-specific-unknown,c-specific-unknown,basq1248-i-,no
basq1248-i--c-irrealis-nsp,c-irrealis-nsp,basq1248-i-,no
basq1248-i--c-question,c-question,basq1248-i-,yes
basq1248-i--c-conditional,c-conditional,basq1248-i-,yes
basq1248-i--c-indirect-negation,c-indirect-negation,basq1248-i-,yes
basq1248-i--c-direct-negation,c-direct-negation,basq1248-i-,yes
basq1248-i--c-comparative,c-comparative,basq1248-i-,yes
basq1248-i--c-free-choice,c-free-choice,basq1248-i-,no
mand1415-nonegenericnouns-c-specific-known,c-specific-known,mand1415-nonegenericnouns,yes
mand1415-nonegenericnouns-c-specific-unknown,c-specific-unknown,mand1415-nonegenericnouns,yes
mand1415-nonegenericnouns-c-irrealis-nsp,c-irrealis-nsp,mand1415-nonegenericnouns,no
mand1415-nonegenericnouns-c-question,c-question,mand1415-nonegenericnouns,no
mand1415-nonegenericnouns-c-conditional,c-conditional,mand1415-nonegenericnouns,no
mand1415-nonegenericnouns-c-indirect-negation,c-indirect-negation,mand1415-nonegenericnouns,no
mand1415-nonegenericnouns-c-direct-negation,c-direct-negation,mand1415-nonegenericnouns,no
mand1415-nonegenericnouns-c-comparative,c-comparative,mand1415-nonegenericnouns,no
mand1415-nonegenericnouns-c-free-choice,c-free-choice,mand1415-nonegenericnouns,no
dutc1256-danook-c-specific-known,c-specific-known,dutc1256-danook,no
dutc1256-danook-c-specific-unknown,c-specific-unknown,dutc1256-danook,no
dutc1256-danook-c-irrealis-nsp,c-irrealis-nsp,dutc1256-danook,yes
dutc1256-danook-c-question,c-question,dutc1256-danook,yes
dutc1256-danook-c-conditional,c-conditional,dutc1256-danook,yes
dutc1256-danook-c-indirect-negation,c-indirect-negation,dutc1256-danook,yes
dutc1256-danook-c-direct-negation,c-direct-negation,dutc1256-danook,no
dutc1256-danook-c-comparative,c-comparative,dutc1256-danook,yes
dutc1256-danook-c-free-choice,c-free-choice,dutc1256-danook,yes
icel1247-ein--c-specific-known,c-specific-known,icel1247-ein-,yes
icel1247-ein--c-specific-unknown,c-specific-unknown,icel1247-ein-,yes
icel1247-ein--c-irrealis-nsp,c-irrealis-nsp,icel1247-ein-,yes
icel1247-ein--c-question,c-question,icel1247-ein-,yes
icel1247-ein--c-conditional,c-conditional,icel1247-ein-,yes
icel1247-ein--c-indirect-negation,c-indirect-negation,icel1247-ein-,no
icel1247-ein--c-direct-negation,c-direct-negation,icel1247-ein-,no
icel1247-ein--c-comparative,c-comparative,icel1247-ein-,no
icel1247-ein--c-free-choice,c-free-choice,icel1247-ein-,no
apam1237-nonebarewh-c-specific-known,c-specific-known,apam1237-nonebarewh,yes
apam1237-nonebarewh-c-specific-unknown,c-specific-unknown,apam1237-nonebarewh,yes
apam1237-nonebarewh-c-irrealis-nsp,c-irrealis-nsp,apam1237-nonebarewh,no
apam1237-nonebarewh-c-question,c-question,apam1237-nonebarewh,no
apam1237-nonebarewh-c-conditional,c-conditional,apam1237-nonebarewh,no
apam1237-nonebarewh-c-indirect-negation,c-indirect-negation,apam1237-nonebarewh,no
apam1237-nonebarewh-c-direct-negation,c-direct-negation,apam1237-nonebarewh,no
apam1237-nonebarewh-c-comparative,c-comparative,apam1237-nonebarewh,no
apam1237-nonebarewh-c-free-choice,c-free-choice,apam1237-nonebarewh,no
