ID,Language_ID,Primary_Text,Analyzed_Word,Gloss,Translated_Text,Meta_Language_ID,LGR_Conformance,Comment,Source,Source_comment
stan1295-1,stan1295,"Ich habe etwas <*irgend etwas> verloren. Rate mal, was!","Ich	habe	etwas	<*irgend	etwas>	verloren.	Rate	mal,	was!",I	have	something	<any	thing>	lost	guess	pcl	what,I lost something. Guess what!,,,,,personal knowledge
stan1295-2,stan1295,"Ich habe etwas / irgend etwas verloren, aber ich weiss nicht, was.","Ich	habe	etwas	/	irgend	etwas	verloren,	aber	ich	weiss	nicht,	was.",I	have	something	/	indef	something	lost	but	I	know	not	what,"I lost something, but I don't know what.",,,,,personal knowledge
stan1295-3,stan1295,Sie möchte jemanden / irgend jemanden mit schwarzen Haaren heiraten.,Sie	möchte	jemanden	/	irgend	jemanden	mit	schwarzen	Haaren	heiraten.,she	wants	someone	/	indef	someone	with	black	hairs	marry,She wants to marry someone [non-specific/specific] with black hair.,,,,,personal knowledge
stan1295-4,stan1295,Hast du (irgend) etwas gehört?,Hast	du	(irgend)	etwas	gehört?,have	you	indef	something	heard,Did you hear anything?,,,,,personal knowledge
stan1295-5,stan1295,Ist sie irgend-wann / je in Chittagong gewesen?,Ist	sie	irgend-wann	/	je	in	Chittagong	gewesen?,is	she	indef-when	/	ever	in	Chittagong	been,Has she ever been to Chittagong?,,,,,personal knowledge
stan1295-6,stan1295,"Wenn (irgend) jemand anruft, sag mir Bescheid!","Wenn	(irgend)	jemand	anruft,	sag	mir	Bescheid!",if	indef	someone	calls	tell	me	information,"If anyone calls, tell me!",,,,,personal knowledge
stan1295-7,stan1295,"Ich glaube nicht, dass hier je / irgend-wann (irgend) jemand war.","Ich	glaube	nicht,	dass	hier	je	/	irgend-wann	(irgend)	jemand	war.",I	think	not	that	here	ever	/	indef-when	indef	someone	was,I don't think that anyone has ever been here.,,,,,personal knowledge
stan1295-8,stan1295,Joan Baez sang besser als irgend jemand je zuvor.,Joan	Baez	sang	besser	als	irgend	jemand	je	zuvor.,Joan	Baez	sang	better	than	any	one	ever	before,Joan Baez sang better than anyone ever before.,,,,,personal knowledge
stan1295-9,stan1295,Dieses Problem kann irgend jemand lösen.,Dieses	Problem	kann	irgend	jemand	lösen.,this	problem	can	any	one	solve,This problem can be solved by anyone.,,,,,personal knowledge
stan1295-10,stan1295,Dieses Problem kann jeder lösen.,Dieses	Problem	kann	jeder	lösen.,this	problem	can	everyone	solve,This problem can be solved by anyone.,,,,,personal knowledge
stan1295-11,stan1295,Joan Baez singt besser als jede andere Sängerin.,Joan	Baez	singt	besser	als	jede	andere	Sängerin.,Joan	Baez	sings	better	than	every	other	singer,Joan Baez sings better than any other singer.,,,,,personal knowledge
stan1295-12,stan1295,ohne jede/irgend-welche Hilfe,ohne	jede/irgend-welche	Hilfe,without	every/any-one	help,without any help,,,,,personal knowledge
stan1295-13,stan1295,Sie stritt jede/irgend-eine Beteilingung ab.,Sie	stritt	jede/irgend-eine	Beteilingung	ab.,she	denied	every/any-one	participation	off,She denied any participation.,,,,,personal knowledge
stan1295-14,stan1295,Niemand ist gekommen.,Niemand	ist	gekommen.,nobody	has	come,Nobody has come.,,,,,personal knowledge
stan1295-15,stan1295,Ich habe niemandem (irgend) etwas gesagt.,Ich	habe	niemandem	(irgend)	etwas	gesagt.,I	have	nobody	any	thing	said,I didn't tell anything to anybody.,,,,,personal knowledge
dutc1256-1,dutc1256,Er heeft vanmorgen iemand opgebeld. (Raad eens wie./ Ik weet niet meer wie het was.),Er	heeft	vanmorgen	iemand	opgebeld.	(Raad	eens	wie./	Ik	weet	niet	meer	wie	het	was.),pcl	has	today	someone	called	guess	pcl	who/	I	know	not	more	who	it	was,Someone phoned this morning. (Guess who./ I don't remember who it was.),,,,,
dutc1256-2,dutc1256,Koop iets/wat dan ook voor haar verjaardag.,Koop	iets/wat	dan	ook	voor	haar	verjaardag.,buy	anything/what	then	als	for	her	birthday,Buy something for her birthday.,,,,,
dutc1256-3,dutc1256,Zou er nog iemand/wie dan ook komen?,Zou	er	nog	iemand/wie	dan	ook	komen?,will	pcl	else	anyone/who	then	also	come,Will anyone else come?,,,,geerts1984[265],
dutc1256-4,dutc1256,"Als je iets/wat dan ook ziet, waarschuw me dan.","Als	je	iets/wat	dan	ook	ziet,	waarschuw	me	dan.",if	you	anything/what	then	also	see	tell	me	then,"If you see anything, tell me.",,,,,
dutc1256-5,dutc1256,zonder iemand/wie dan ook,zonder	iemand/wie	dan	ook,without	anyone/who	then	also,without anybody,,,,,
dutc1256-6,dutc1256,Het is moeilijk om iets/wat dan ook te zien.,Het	is	moeilijk	om	iets/wat	dan	ook	te	zien.,it	is	difficult	for	anything/what	then	also	to	see,It is difficult to see anything.,,,,,
dutc1256-7,dutc1256,De jongen loopt harder dan wie dan ook in zijn klass.,De	jongen	loopt	harder	dan	wie	dan	ook	in	zijn	klass.,the	boy	runs	faster	than	who	then	also	in	his	class,The boy runs faster than anyone in his class.,,,,,
dutc1256-8,dutc1256,Je mag wie dan ook uitnodigen.,Je	mag	wie	dan	ook	uitnodigen.,you	may	who	then	also	invite,You may invite anyone.,,,,,
dutc1256-9,dutc1256,Niemand heeft opgebeld.,Niemand	heeft	opgebeld.,nobody	has	called,Nobody called.,,,,,
dutc1256-10,dutc1256,Het is nu kouder dan in enige vorige winter.,Het	is	nu	kouder	dan	in	enige	vorige	winter.,it	is	now	colder	than	in	any	previous	winter,It is now colder than in any previous winter.,,,,geerts1984[275],
dutc1256-11,dutc1256,zonder enige help,zonder	enige	help,without	any	help,without any help,,,,,
dutc1256-12,dutc1256,Heeft hij enig succes gehad met al zijn pogingen?,Heeft	hij	enig	succes	gehad	met	al	zijn	pogingen?,has	he	any	success	had	with	all	his	attempts,Has he had any success with all his attempts?,,,,geerts1984[275],
dutc1256-13,dutc1256,"Als hij enig succes heeft, dan komt dat door zijn goede kontakten.","Als	hij	enig	succes	heeft,	dan	komt	dat	door	zijn	goede	kontakten.",if	he	any	success	has	then	comes	that	through	his	good	contacts,"If he has any success, that is due to his good connections.",,,,,
swed1254-1,swed1254,Jag har ännu något att tala med honom om.,Jag	har	ännu	något	att	tala	med	honom	om.,I	have	still	something	to	talk	with	him	about,I still have something to talk to him about.,,,,,
swed1254-2,swed1254,"Någon, jag minns inte vem, säger...","Någon,	jag	minns	inte	vem,	säger...",somebody	I	remember	not	who	says,"Somebody, I don't recall who, says...",,,,,
swed1254-3,swed1254,Någon gång får han nog erfara.,Någon	gång	får	han	nog	erfara.,some	time	gets	he	enough	experience,Sometime he will learn.,,,,,
swed1254-4,swed1254,Har du hört något <*vad som helst>?,Har	du	hört	något	<*vad som helst>?,have	you	heard	something	anything,Did you hear anything?,,,,,
swed1254-5,swed1254,"Om du hör någonting <*vad_som_helst>, väck mig.","Om	du	hör	någonting	<*vad_som_helst>,	väck	mig.",if	you	hear	something	anything	wake	me,"If you hear anything, wake me up.",,,,,
swed1254-6,swed1254,Jag tror inte att någon <*vem_som_helst> vet det.,Jag	tror	inte	att	någon	<*vem_som_helst>	vet	det.,I	think	not	that	anyone	anyone	knows	that,I don't think that anyone knows that.,,,,,
swed1254-7,swed1254,Den här pojken springer fortare än någon/ vem som helst annan i klass-en.,Den	här	pojken	springer	fortare	än	någon/	vem	som helst	annan	i	klass-en.,this	here	boy	runs	faster	than	anyone	who	indef	other	in	class-art,This boy runs faster than anyone in his class.,,,,,
swed1254-8,swed1254,Ingen har sett mig. (*Någon har inte sett mig.),Ingen	har	sett	mig.	(*Någon	har	inte	sett	mig.),none	has	seen	me	some	has	not	seen	me,Nobody has seen me.,,,,,
swed1254-9,swed1254,Jag har aldrig hört någon opera.,Jag	har	aldrig	hört	någon	opera.,I	have	never	heard	any	opera,I never heard any opera.,,,,,
swed1254-10,swed1254,Jag vet inte något.,Jag	vet	inte	något.,I	know	not	anything,I do not know anything.,,,,,
swed1254-11,swed1254,Jag vet ingenting.,Jag	vet	ingenting.,I	know	nothing,I know nothing.,,,,,
swed1254-12,swed1254,Du kan fråga vem som helst.,Du	kan	fråga	vem	som helst.,you	can	ask	who	indef,You can ask anyone.,,,,,
swed1254-13,swed1254,Skivor är dyrare än någonsin.,Skivor	är	dyrare	än	någonsin.,records	are	dearer	than	ever,Records are more expensive than ever.,,,,,
icel1247-1,icel1247,Það hringdi ein-hver/ maður í mig í morgun (en ég segi þér ekki hver).,Það	hringdi	ein-hver/	maður	í	mig	í	morgun	(en	ég	segi	þér	ekki	hver).,it	rang	one-who	man	in	me	in	morning	and	I	say	you	not	who,Someone called me up this morning (but I won't tell you who).,,,,,
icel1247-2,icel1247,Strákur-inn sá eitt-hvað á bak við tréð (en ég veit ekki hvað).,Strákur-inn	sá	eitt-hvað	á	bak	við	tréð	(en	ég	veit	ekki	hvað).,boy-the	saw	one-what	on	back	near	tree	and	I	know	not	what,The boy saw something behind the tree (but I don't know what).,,,,,
icel1247-3,icel1247,Kaupta eitt-hvað/ *nokkuð fyrir mig!,Kaupta	eitt-hvað/	*nokkuð	fyrir	mig!,buy	one-what	anything	for	me,Buy something for me!,,,,,
icel1247-4,icel1247,Sástu nokkuð/ eitt-hvað?,Sástu	nokkuð/	eitt-hvað?,saw:you	anything/	one-what,Did you see anything/something?,,,,,
icel1247-5,icel1247,"Ef ein-hver/ ??nokkur hringir, viltu þá segja að ég sé ekki heima.","Ef	ein-hver/	??nokkur	hringir,	viltu	þá	segja	að	ég	sé	ekki	heima.",if	one-who	anyone	rings	will:you	then	say	that	I	am	not	home,"If anyone calls, þlease say I'm not at home.",,,,,
icel1247-6,icel1247,Hann getur hlaupið hraðar en nokkur/ *hver sem er/ *neinn annar í bekknum.,Hann	getur	hlaupið	hraðar	en	nokkur/	*hver	sem	er/	*neinn	annar	í	bekknum.,he	can	run	faster	than	anyone	who	that	is	noone	other	in	class,He can run faster than anybody else in his class.,,,,,
icel1247-7,icel1247,Hún neitaði að viðurkenna nokkuð.,Hún	neitaði	að	viðurkenna	nokkuð.,she	refused	to	accept	anything,She refused to accept anything.,,,,,
icel1247-8,icel1247,Enginn sá mig./ Það sá mig enginn.,Enginn	sá	mig./	Það	sá	mig	enginn.,nobody	saw	me	it	saw	me	nobody,Nobody saw me.,,,,,
icel1247-9,icel1247,Ég held ekki að neinn hafi komið.,Ég	held	ekki	að	neinn	hafi	komið.,I	think	not	that	nobody	has	come,I don't think that anybody has come.,,,,,
icel1247-10,icel1247,Þú mátt heimsækja okkur hvenær sem er.,Þú	mátt	heimsækja	okkur	hvenær	sem	er.,you	may	visit	us	when	that	is,You may visit us anytime.,,,,,
lati1261-1,lati1261,"Magister, vidimus quem-dam in nomine tuo ejicientem daemonia.","Magister,	vidimus	quem-dam	in	nomine	tuo	ejicientem	daemonia.",Master	we:saw	whom-indef	in	name	your	casting.out	devils,"Master, we saw someone casting out devils in thy name.",,,,,"NT, Mk 9.38"
lati1261-2,lati1261,Tetigit me ali-quis.,Tetigit	me	ali-quis.,touched	me	indef-who,Somebody hath touched me (for I perceive that virtue is gone out of me).,,,,,"NT, Lk 8.46"
lati1261-3,lati1261,"At ille intendebat in eos, sperans se ali-quid accepturum ab eis","At	ille	intendebat	in	eos,	sperans	se	ali-quid	accepturum	ab	eis",but	that	gave.heed	in	them	hoping	self	indef-what	accept:fut	from	them,"And he gave heed unto them, expecting to receive something of them.",,,,,"NT, Act. 3.5"
lati1261-4,lati1261,Num quid simile populus Romanus audierat?,Num	quid	simile	populus	Romanus	audierat?,q	what	similar	people	Roman	heard,Had the Roman people heard anything similar?,,,,,Cic. Lael. 41
lati1261-5,lati1261,Licet mihi loqui ali-quid ad te?,Licet	mihi	loqui	ali-quid	ad	te?,is.allowed	to:me	to:speak	indef-what	to	you,May I say something to you?,,,,,"NT, Acts 21.37"
lati1261-6,lati1261,"Si quid petieritis me in nomine meo, hoc faciam.","Si	quid	petieritis	me	in	nomine	meo,	hoc	faciam.",if	what	you:ask	me	in	name	my	this	I:will:do,"If ye shall ask anything in my name, I will do it.",,,,,"NT, John 14.14"
lati1261-7,lati1261,"Et si quid ali-quem defraudavi, reddo quadruplum.","Et	si	quid	ali-quem	defraudavi,	reddo	quadruplum.",and	if	what	indef-whom	I:deceived	I:return	fourfold,"And if I have taken anything from any man by false accusation, I restore him fourfold.",,,,,"NT, Lk 19.8"
lati1261-8,lati1261,Aut quomodo potest quis-quam intrare in domum fortis... nisi prius alligaverit fortem?,Aut	quomodo	potest	quis-quam	intrare	in	domum	fortis...	nisi	prius	alligaverit	fortem?,or	how	can	who-indef	enter	in	house	of:strongman	unless	before	he:will:bind	strongman,Or else how can anyone enter into a strong man's house...except he first bind the strong man.,,,,,"NT, Mt 12.29"
lati1261-9,lati1261,"Si quis-quam est timidus in magnis periculosis-que rebus, is ego sum.","Si	quis-quam	est	timidus	in	magnis	periculosis-que	rebus,	is	ego	sum.",if	who-indef	is	timid	in	big	dangerous-and	things	this	I	am,"If anyone is timid in important and dangerous situations, it is me.",,,,,Cic. Fam. 6.14.1
lati1261-10,lati1261,Ac videte quanto taetrior hic tyrannus Syracusanis fuerit quam quis-quam superiorum.,Ac	videte	quanto	taetrior	hic	tyrannus	Syracusanis	fuerit	quam	quis-quam	superiorum.,and	you:see	how.much	more:horrible	this	tyrant	for:Syracusans	was	than	who-indef	of:earlier.ones,And you see how much more horrible this tyrant was for the Syracusans than any of the earlier ones.,,,,,Cic. Verr. 4.123
lati1261-11,lati1261,Et non sinebat ut quis-quam transferret vas per templum.,Et	non	sinebat	ut	quis-quam	transferret	vas	per	templum.,and	neg	admitted	that	who-indef	transferred	vessel	through	temple,And he would not admit that any man should carry any vessel through the temple.,,,,,"NT, Mk 11.16"
lati1261-12,lati1261,Nemo potest duobus dominis servire.,Nemo	potest	duobus	dominis	servire.,nobody	can	two	masters	serve,Nobody can serve two masters.,,,,,"NT, Mt 6.24"
lati1261-13,lati1261,Nemini quid-quam dixerunt.,Nemini	quid-quam	dixerunt.,to:nobody	what-indef	they:said,They did not say anything to anybody.,,,,,"NT, Mk 16.8"
lati1261-14,lati1261,Mihi utrum-vis satis est.,Mihi	utrum-vis	satis	est.,to:me	which-indef	enough	is,Either is sufficient for me.,,,,,Cic. Off. 3.33
lati1261-15,lati1261,"Utrum-libet elige; alterum incredibile est, alterum nefarium.","Utrum-libet	elige;	alterum	incredibile	est,	alterum	nefarium.",which-indef	choose	one	incredible	is	other	sinful,"Choose either: one is incredible, the other sinful.",,,,,Quint. 81
port1283-1,port1283,O João telefonou e disse alguma coisa/ *qualquer coisa – adivinhe o_que!,O	João	telefonou	e	disse	alguma	coisa/	*qualquer	coisa	–	adivinhe	o_que!,art	João	phoned	and	said	some	thing	any	thing	–	guess	what,João called and said something – guess what!,,,,,
port1283-2,port1283,Senti que alguém me observava.,Senti	que	alguém	me	observava.,I:felt	that	someone	me	observed,I felt that someone was observing me.,,,,,
port1283-3,port1283,Ivan disse qualquer coisa em russo que não entendi.,Ivan	disse	qualquer	coisa	em	russo	que	não	entendi.,Ivan	said	any	thing	in	Russian	that	not	I:understood,Ivan said something in Russian that I did not understand.,,,,,
port1283-4,port1283,Alguém/ qualquer pessoa pode passar aí e apanhar a caixa.,Alguém/	qualquer	pessoa	pode	passar	aí	e	apanhar	a	caixa.,someone	any	person	can	pass	here	and	take	the	box,Someone [non-specific] can come along here and take the box.,,,,,
port1283-5,port1283,Você ouve alguma coisa/ qualquer coisa?,Você	ouve	alguma	coisa/	qualquer	coisa?,you	hear	some	thing	any	thing,Can you hear anything?,,,,,
port1283-6,port1283,"Se você ouvir alguma coisa/ qualquer coisa, acorde-me.","Se	você	ouvir	alguma	coisa/	qualquer	coisa,	acorde-me.",fi	you	hear	some	thing	any	thing	wake-me,"If you hear anything, wake me up.",,,,,
port1283-7,port1283,Eu amo minha filha mais do que qualquer outra pessoa.,Eu	amo	minha	filha	mais	do que	qualquer	outra	pessoa.,I	love	my	daughter	more	than	any	other	person,I love my daughter more than anyone else.,,,,,
port1283-8,port1283,Pelo Bábel ele é capaz de fazer qualquer coisa.,Pelo	Bábel	ele	é	capaz	de	fazer	qualquer	coisa.,for:art	Babel	he	is	capable	of	doing	any	thing,For Babel he is capable of doing anything.,,,,,
port1283-9,port1283,Liliana perguntou isso sem encenar qualquer/ nenhum charme sensual.,Liliana	perguntou	isso	sem	encenar	qualquer/	nenhum	charme	sensual.,Liliana	asked	that	without	showing	any	no	charm	sensual,Liliana asked this without showing any sensual charm.,,,,,
port1283-10,port1283,Não contém qualquer sentimento nobre.,Não	contém	qualquer	sentimento	nobre.,not	contains	any	feeling	noble,It does not contain any noble feeling.,,,,,
port1283-11,port1283,Ninguém veio./ Não veio ninguém.,Ninguém	veio./	Não	veio	ninguém.,nobody	came	not	came	nobody,Nobody came.,,,,,
stan1289-1,stan1289,Alguna vegada he vist algú en algun lloc.,Alguna	vegada	he	vist	algú	en	algun	lloc.,some	time	I:have	seen	someone	in	some	place,I once saw somebody somehwere.,,,,sola1973[92],
stan1289-2,stan1289,Algun dia ho entendràs.,Algun	dia	ho	entendràs.,some	day	it	you'll.understand,Some day you'll understand.,,,,,
stan1289-3,stan1289,Hi ha res/ alguna cosa de nou?,Hi	ha	res/	alguna	cosa	de	nou?,there	exists	anything	some	thing	of	new,Is there anything/something new?,,,,esposito1988[105],
stan1289-4,stan1289,"Si hi hagués ningú/ algú de Barcelona, li podríem demanar.","Si	hi	hagués	ningú/	algú	de	Barcelona,	li	podríem	demanar.",if	there	existed	anyone	someone	from	Barcelona	him	we:coulf	ask,"If there were anyone/someone from Barcelona, we could ask him.",,,,hualde1992[163],
stan1289-5,stan1289,Nega que hagui arrivat ningú/ algú.,Nega	que	hagui	arrivat	ningú/	algú.,denies	that	have	arrived	anyone	someone,She denies that anyone has arrived.,,,,esposito1988[105],
stan1289-6,stan1289,No he vist mai ningú enlloc.,No	he	vist	mai	ningú	enlloc.,not	I:have	seen	ever	anyone	anywhere,I have never seen anybody anywhere.,,,,sola1973[93],
stan1289-7,stan1289,Ningú (no) ens ha vist.,Ningú	(no)	ens	ha	vist.,nobody	not	us	has	seen,Nobody has seen us.,,,,sola1973[93],
stan1289-8,stan1289,Aqui el clima es mes agradable que en qualsevol altre lloc/ enlloc d' Europa.,Aqui	el	clima	es	mes	agradable	que	en	qualsevol	altre	lloc/	enlloc	d'	Europa.,here	the	climate	is	more	pleasant	than	in	any	other	place	anywhere	of	Europe,Here the climate is more pleasant than anywhere else in Europe.,,,,,
stan1289-9,stan1289,La negació expressada per l'adverbi no pot recaure no sobre tota la proposició... sinó sobre una altra qualsevol de las sevas parts.,La	negació	expressada	per	l'adverbi	no	pot	recaure	no	sobre	tota	la	proposició...	sinó	sobre	una	altra	qualsevol	de	las	sevas	parts.,the	negation	expressed	by	the.adverb	no	can	revert	not	over	whole	the	proposition	but	over	an	other	anyone	of	the	its	parts,"The negation expressed by the adverb no can have scope not over the whole sentence, but over any other of its parts.",,,,sola1973[94-95],
stan1290-1,stan1290,Quelqu'un m'attend. C'est lui que j'épouserai.,Quelqu'un	m'attend.	C'est	lui	que	j'épouserai.,someone	me.expects	it.is	him	that	I.will.marry,Someone is waiting for me. It's him that I will marry.,,,,,
stan1290-2,stan1290,Quelqu'un est à la porte. Je ne sais pas qui.,Quelqu'un	est	à	la	porte.	Je	ne	sais	pas	qui.,someone	is	at	the	door	I	not	know	not	who,Somebody is at the door. I don't know who.,,,,,
stan1290-3,stan1290,Elle veut épouser quelqu'un aux cheveux noirs.,Elle	veut	épouser	quelqu'un	aux	cheveux	noirs.,she	wants	marry	someone	at.the	hairs	black,She wants to marry someone with black hair.,,,,,
stan1290-4,stan1290,As-tu écouté quelque chose?,As-tu	écouté	quelque	chose?,have-you	heard	some	thing,Have you heard anything?,,,,,
stan1290-5,stan1290,"Si l'art n'était vraiment qu'un prolongement de la vie, valait-il de lui rien sacrifier?","Si	l'art	n'était	vraiment	qu'un	prolongement	de	la	vie,	valait-il	de	lui	rien	sacrifier?",if	the.art	not.were	really	only.a	continuation	of	the	life	worth-it	to	to.it	anything	sacrifice,"If art were really only a continuation of life, would it be worth sacrificing anything for it?",,,,gaatone1971[169],
stan1290-6,stan1290,Comment peut-on en conclure quoi que ce soit sur l'ordre de la pensée?,Comment	peut-on	en	conclure	quoi	que	ce	soit	sur	l'ordre	de	la	pensée?,how	can-one	from.it	conclude	what	that	it	be	about	the.order	of	the	thinking,How can one conclude anything from it about the order of thoughts?,,,,,
stan1290-7,stan1290,Je vous rends responsable si rien/quelque chose s'ébruite dans la presse.,Je	vous	rends	responsable	si	rien/quelque	chose	s'ébruite	dans	la	presse.,I	you	hold	responsible	if	anything/some	thing	transpires	in	the	press,I hold you responsible if anything transpires in the media.,,,,,
stan1290-8,stan1290,Éveillez-moi s'il arrive quoi que ce soit.,Éveillez-moi	s'il	arrive	quoi	que	ce	soit.,wake-me	if.it	happens	what	that	it	be,Wake me up if anything happens.,,,,,
stan1290-9,stan1290,Je ne vois rien.,Je	ne	vois	rien.,I	not	see	anything,I cannot see anything.,,,,,
stan1290-10,stan1290,Personne n'a jamais dit rien.,Personne	n'a	jamais	dit	rien.,nobody	not.has	ever	said	anything,Nobody ever said anything.,,,,,
stan1290-11,stan1290,Je n'ai vu qui que ce soit.,Je	n'ai	vu	qui	que	ce	soit.,I	not.have	seen	who	that	it	be,I haven't seen anybody.,,,,muller1991[256],
stan1290-12,stan1290,Je doute que personne y réussisse.,Je	doute	que	personne	y	réussisse.,I	doubt	that	anyone	in.it	succeed,I doubt that anybody will succeed in it.,,,,,
stan1290-13,stan1290,J'hésite à rien écrire sur cela/à écrire quoi que ce soit sur cela.,J'hésite	à	rien	écrire	sur	cela/à	écrire	quoi	que	ce	soit	sur	cela.,I.hesitate	to	anything	write	about	that/to	write	what	that	it	be	about	that,I hesitate to write anything about that.,,,,,
stan1290-14,stan1290,Il parle mieux qu'aucun orateur.,Il	parle	mieux	qu'aucun	orateur.,he	speaks	better	than.any	orator,He speaks better than any orator.,,,,,
stan1290-15,stan1290,Je préfère de beaucoup fermer les yeux que lui reprocher quoi que ce soit qui puisse vous ennuyer.,Je	préfère	de	beaucoup	fermer	les	yeux	que	lui	reprocher	quoi	que	ce	soit	qui	puisse	vous	ennuyer.,I	prefer	by	much	to.close	the	eyes	than	him	reproach	what	that	it	be	that	could	you	annoy,I much prefer to close my eyes than to blame him for anything that could annoy you.,,,,,
stan1290-16,stan1290,Vous pouvez dire quoi que ce soit.,Vous	pouvez	dire	quoi	que	ce	soit.,you	can	say	what	that	it	be,You can say anything.,,,,,
stan1290-17,stan1290,Demandez à quiconque des assistents!,Demandez	à	quiconque	des	assistents!,ask	at	anyone	of.the	assistants,Ask any of the assistants!,,,,,
stan1290-18,stan1290,Je le sais mieux que quiconque.,Je	le	sais	mieux	que	quiconque.,I	it	know	better	than	anyone,I know it better than anyone.,,,,,
stan1290-19,stan1290,Il n'est pas permis de parler de ceci à quiconque.,Il	n'est	pas	permis	de	parler	de	ceci	à	quiconque.,it	is	not	permitted	to	talk	of	this	to	anyone,It isn't possible to talk about this to anybody.,,,,,
stan1290-20,stan1290,"Si quiconque insiste pour me parler, dites qu'on m'écrive.","Si	quiconque	insiste	pour	me	parler,	dites	qu'on	m'écrive.",if	anyone	insists	on	me	talk	say	that.they	me.write,"If anyone insists on talking to me, tell them to write to me.",,,,,
stan1290-21,stan1290,Tu peux dire n'importe quoi.,Tu	peux	dire	n'importe	quoi.,you	can	say	no.matter	what,You can say anything.,,,,,
stan1290-22,stan1290,"Le général avait compris assez tôt que cette guerre, plus que n'importe quelle guerre dans le passé, était une guerre de réserves d'hommes et de matériel.","Le	général	avait	compris	assez	tôt	que	cette	guerre,	plus	que	n'importe	quelle	guerre	dans	le	passé,	était	une	guerre	de	réserves	d'hommes	et	de	matériel.",the	general	had	understood	pretty	soon	that	this	war	more	than	no.matter	which	war	in	the	past	was	a	war	of	resources	of.people	and	of	material,"The general had understood pretty soon that this war, more than any war in the past, was a war of human and material resources.",,,,,
ital1282-1,ital1282,Qualcuno è venuto – indovina chi!,Qualcuno	è	venuto	–	indovina	chi!,someone	has	come	–	guess	who,Someone has come – guess who!,,,,,
ital1282-2,ital1282,"Non trovo la penna, eppure in qualche parte l'avrò messa.","Non	trovo	la	penna,	eppure	in	qualche	parte	l'avrò	messa.",not	I.find	the	pen	and.yet	in	some	place	it.I.will.have	put,"I can't find the pen, and yet I must have put it somewhere.",,,,,
ital1282-3,ital1282,Compra qualcosa per me.,Compra	qualcosa	per	me.,buy	something	for	me,Buy something for your niece.,,,,,
ital1282-4,ital1282,Vedi qualcosa/niente?,Vedi	qualcosa/niente?,you.see	something/anything,Can you see anything?,,,,,
ital1282-5,ital1282,"Se senti qualcosa <*niente>, svegliami.","Se	senti	qualcosa	<*niente>,	svegliami.",if	you.hear	something	(anything)	wake.me,"If you hear anything, wake me up.",,,,,
ital1282-6,ital1282,Non è necessario che venga nessuno / che qualcuno venga.,Non	è	necessario	che	venga	nessuno	/	che	qualcuno	venga.,not	is	necessary	that	come	anyone	/	that	someone	come,It is not necessary that anyone come.,,,,,
ital1282-7,ital1282,Puoi andare dovunque.,Puoi	andare	dovunque.,you.can	go	anywhere,You can go anywhere.,,,,,
ital1282-8,ital1282,Christie ha scritto più romanzi che chiunque altro in questo secolo.,Christie	ha	scritto	più	romanzi	che	chiunque	altro	in	questo	secolo.,Christie	has	written	more	novels	than	anyone	other	in	this	century,Christie has written more novels than anyone else in this century.,,,,,
ital1282-9,ital1282,Non ho veduto nulla.,Non	ho	veduto	nulla.,not	I.have	seen	nothing,I have not seen anything.,,,,,
ital1282-10,ital1282,Nessuno (*non) è venuto.,Nessuno	(*non)	è	venuto.,nobody	(not)	has	come,Nobody has come.,,,,,
ital1282-11,ital1282,Nessun professore ha scritto mai nessun libro.,Nessun	professore	ha	scritto	mai	nessun	libro.,no	professor	has	written	ever	any	book,No professor has ever written any book.,,,,,
roma1327-1,roma1327,"Am cumpărat ce-va, ghici ce!","Am	cumpărat	ce-va,	ghici	ce!",I:have	bought	what-indef	guess	what,"I have bought something, guess what!",,,,,
roma1327-2,roma1327,"Cine-va te-a căutat la telefon, dar nu i-am înțeles numele.","Cine-va	te-a	căutat	la	telefon,	dar	nu	i-am	înțeles	numele.",who-indef	you-has	asked	on	phone	but	not	him-have	understood	name,"Somebody asked for you on the phone, but I didn't understand the name.",,,,,
roma1327-3,roma1327,Aș vrea ce-va mîncare și băutură.,Aș	vrea	ce-va	mîncare	și	băutură.,intj	want	what-indef	to.eat	and	drink,I want something to eat and to drink.,,,,,
roma1327-4,roma1327,Ai fost vreodată/ cînd-va la Chișinău?,Ai	fost	vreodată/	cînd-va	la	Chișinău?,have	been	ever	when-indef	at	Chișinău,Have you ever been to Chișinău?,,,,,
roma1327-5,roma1327,"Dacă auzi ce-va/ *ori-ce, trezește-mă.","Dacă	auzi	ce-va/*ori-ce,	trezește-mă.",if	you.hear	what-indef	wake-me,"If you hear anything, wake me up.",,,,,
roma1327-6,roma1327,Niculina fuge mai repede decît ori-ce/ *vre-o fată din clasă.,Niculina	fuge	mai	repede	decît	ori-ce/	*vre-o	fată	din	clasă.,Niculina	runs	more	fast	than	indef-what	indef-one	girl	in	class,Niculina runs faster than any girl in her class.,,,,,
roma1327-7,roma1327,Se găseste în ori-ce prăvălie.,Se	găseste	în	ori-ce	prăvălie.,refl	gets	in	indef-what	shop,You can get it in any shop.,,,,,
roma1327-8,roma1327,Nu mai îndrăzneau să-l întrebe nimic.,Nu	mai	îndrăzneau	să-l	întrebe	nimic.,neg	more	they.dared	sbjv-him	ask	nothing,They did not dare to ask him anything anymore.,,,,,"NT, Lk 20.40"
roma1327-9,roma1327,Nu ne angajează nimeni.,Nu	ne	angajează	nimeni.,neg	us	hired	nobody,Nobody has hired us.,,,,,"NT, Mt 20.7"
roma1327-10,roma1327,Ai vre-un prieten care te-ar putea ajuta?,Ai	vre-un	prieten	care	te-ar	putea	ajuta?,you.have	indef-one	friend	who	you-would	be.able	help,Do you have any friend who could help you?,,,,,
roma1327-11,roma1327,Nu este probabil să aibă loc nici o/ vre-o nouă întrevedere cu d. Molotov.,Nu	este	probabil	să	aibă	loc	nici	o/	vre-o	nouă	întrevedere	cu	d.	Molotov.,neg	is	probably	sbjv	have	place	neg	one	indef-one	new	interview	with	Mr.	Molotov,It's unlikely that there will be any new interview with Mr. Molotov.,,,,graur1939[174],
mode1248-1,mode1248,*Ká-pjos tilefónise. Mándepse pjos!,*Ká-pjos	tilefónise.	Mándepse	pjos!,indef-who	phoned	guess:impv	who,Someone called. Guess who!,,,,,
mode1248-2,mode1248,Ká-pjos tilefónise. Dhen kséro pjos.,Ká-pjos	tilefónise.	Dhen	kséro	pjos.,indef-who	phoned	not	I:know	who,Someone called. I don't know who.,,,,,
mode1248-3,mode1248,Fére típota/ ká-ti na fáme!,Fére	típota/	ká-ti	na	fáme!,bring:impv	anything	indef-what	sbjv	we:eat,Bring something to eat!,,,,,
mode1248-4,mode1248,Théli na pandreftí kanénan/ ká-pjon pu na milái ghaliká.,Théli	na	pandreftí	kanénan/	ká-pjon	pu	na	milái	ghaliká.,wants	sbjv	she:marry	anyone	indef-whom	who	sbjv	speak	French,She wants to marry someone [non-specific] who speaks French.,,,,,
mode1248-5,mode1248,Ídhes típota/ ká-ti?,Ídhes	típota/	ká-ti?,you:saw	anything	indef-what,Did you see anything/something?,,,,,
mode1248-6,mode1248,"An dhís típota/ ká-ti, pes mu.","An	dhís	típota/	ká-ti,	pes	mu.",if	you:see	anything	indef-what	say:impv	me,"If you see anything/something, tell me.",,,,,
mode1248-7,mode1248,Kanís dhen mu ípe típota.,Kanís	dhen	mu	ípe	típota.,anyone	not	me	said	anything,Nobody told me anything.,,,,,
mode1248-8,mode1248,Dhen nomízo óti írthe kanís.,Dhen	nomízo	óti	írthe	kanís.,not	I:think	that	came	anyone,I don't think that anyone came.,,,,,
mode1248-9,mode1248,Opjos-dhípote borí na lísi aftó to próvlima.,Opjos-dhípote	borí	na	lísi	aftó	to	próvlima.,who-indef	can	sbjv	solve	this	the	problem,Anyone can solve this problem.,,,,,
mode1248-10,mode1248,To aghóri borí na tréksi ghrighorótera apó opjon-dhípote sto sxolío tu.,To	aghóri	borí	na	tréksi	ghrighorótera	apó	opjon-dhípote	sto	sxolío	tu.,the	boy	can	sbjv	he:run	faster	from	whom-indef	in:the	school	his,The boy can run faster than anyone in his school.,,,,,
mode1248-11,mode1248,*Ídhes oti-dhípote?,*Ídhes	oti-dhípote?,you:saw	what-indef,Did you see anything at all?,,,,,
mode1248-12,mode1248,"An dhis oti-dhípote, pes mu.","An	dhis	oti-dhípote,	pes	mu.",if	you:see	what-indef	say:impv	me,"If you see anything at all, tell me.",,,,,
bulg1262-1,bulg1262,Govorix včera s nja-koga v avtobusa.,Govorix	včera	s	nja-koga	v	avtobusa.,I:talked	yesterday	with	indef-whom	in	the:bus,Yesterday I talked to someone on the bus.,,,,,
bulg1262-2,bulg1262,"Nja-koj se obadi, otgatni koj.","Nja-koj	se	obadi,	otgatni	koj.",indef-who	refl	called	guess:impv	who,"Somebody has called, guess who.",,,,,
bulg1262-3,bulg1262,Kogato edin čovek iska da vârši ne-što – daj mu rabota.,Kogato	edin	čovek	iska	da	vârši	ne-što	–	daj	mu	rabota.,when	one	person	wants	sbjv	he:do	indef-what	–	give:impv	him	work,When a person wants to do something – give him or her work.,,,,donceva1970[445],
bulg1262-4,bulg1262,Vidja li ne-što <*kakvo-to i da e>?,Vidja	li	ne-što	<*kakvo-to i da e>?,you:saw	q	indef-what	what-indef,Did you see anything (at all)?,,,,,
bulg1262-5,bulg1262,"Ako vidiš ne-što/ kakvo-to i da e, kaži mi.","Ako	vidiš	ne-što/	kakvo-to i da e,	kaži	mi.",if	you:see	indef-what	what-indef	tell:impv	me,"If you see anything/anything at all, tell me.",,,,,
bulg1262-6,bulg1262,Možeš da vzemeš koj-to i da e moliv.,Možeš	da	vzemeš	koj-to i da e	moliv.,you:can	sbjv	you:take	which-indef	pencil,You can take any pencil.,,,,,
bulg1262-7,bulg1262,"Na mene poveče, otkolkoto i na kogo-to i da bilo drug mi e čužd pokaznijat patos.","Na	mene	poveče,	otkolkoto	i	na	kogo-to i da bilo	drug	mi	e	čužd	pokaznijat	patos.",to	me	more	than	even	to	whom-indef	other	me	is	alien	ostentatious	pathos,Ostentatious pathos is more alien to me than to anyone else.,,,,donceva1970[449],
bulg1262-8,bulg1262,Momče-to go napravi bez kakva-to i da e/ ni-kakva pomošt.,Momče-to	go	napravi	bez	kakva-to i da e/	ni-kakva	pomošt.,boy-the	it	did	without	which-indef	neg-which	help,The boy did it without any help.,,,,,
bulg1262-9,bulg1262,Ni-koj ne mi kaza ni-što.,Ni-koj	ne	mi	kaza	ni-što.,neg-who	not	me	told	neg-what,Nobody told me anything.,,,,,
sout1528-1,sout1528,Mira voli ne-koga.,Mira	voli	ne-koga.,Mira	loves	indef-whom,Mira loves someone.,,,,progovac1991[569],
sout1528-2,sout1528,Daj mi ne-što!,Daj	mi	ne-što!,give	me	indef-what,Give me something!,,,,,
sout1528-3,sout1528,Da li je i-ko/ bilo ko došao?,Da	li	je	i-ko/	bilo	ko	došao?,q	q	aux	indef-who	indef	who	come,Did anyone come?,,,,progovac1990[130-131],
sout1528-4,sout1528,"Ako je i-ko/ bilo ko došao, počn-i-te!","Ako	je	i-ko/	bilo	ko	došao,	počn-i-te!",if	aux	indef-who	indef	who	come	start-impv-2pl,"If anyone has come, start!",,,,progovac1990[130],
sout1528-5,sout1528,Jesi li ne-koga našao?,Jesi	li	ne-koga	našao?,have.you	q	indef-whom	found,Did you find anyone?,,,,,
sout1528-6,sout1528,Milan ne tvrdi da je i-ko/ bilo ko/ *ni-ko došao.,Milan	ne	tvrdi	da	je	i-ko/	bilo	ko/	*ni-ko	došao.,Milan	neg	claims	that	aux	indef-who	indef	who	indef-who	come,Milan does not claim that anyone has come.,,,,progovac1990[130-131],
sout1528-7,sout1528,Marija je pametnija {nego i-ko/ od bilo koga} u razredu.,Marija	je	pametnija	{nego	i-ko/	od	bilo	koga}	u	razredu.,Marija	is	smarter	than	indef-who	from	indef	who:gen	in	class,Marija is smarter than anyone in her class.,,,,,
sout1528-8,sout1528,Bilo ko može istući malo dete.,Bilo	ko	može	istući	malo	dete.,indef	who	can	beat	small	child,Anyone can beat a small child.,,,,progovac1990[130],
sout1528-9,sout1528,Milan ne voli ni-koga <*i-koga>.,Milan	ne	voli	ni-koga	<*i-koga>.,Milan	neg	loves	indef-whom	indef-whom,Milan does not love anyone.,,,,progovac1991[568],
poli1260-1,poli1260,"Kto-ś do ciebie zadzwonil, [zgadnij kto/ ale nie zrozumialam nazwisko].","Kto-ś	do	ciebie	zadzwonil,	[zgadnij	kto/	ale	nie	zrozumialam	nazwisko].",who-indef	to	you	called	guess	who	but	not	I:understood	name,"Someone called you, [guess who/but I didn't understand the name].",,,,,
poli1260-2,poli1260,Zawsze można sie czego-ś nauczyć.,Zawsze	można	sie	czego-ś	nauczyć.,always	one.can	refl	what-indef	teach,One can always learn something.,,,,,
poli1260-3,poli1260,Widzisz kogo-ś <?kogo-kolwiek>?,Widzisz	kogo-ś	<?kogo-kolwiek>?,you:see	whom-indef	whom-indef,Can you see anybody?,,,,,
poli1260-4,poli1260,"Jezeli co-ś/ co-kolwiek zobaczysz, odrazu mnie obudź.","Jezeli	co-ś/	co-kolwiek	zobaczysz,	odrazu	mnie	obudź.",if	what-indef	what-indef	you:see	immediately	me	wake:impv,"If you see anything, wake me up immediately.",,,,,
poli1260-5,poli1260,"Nie sadzę, ze kto-ś/ kto-kolwiek przyszedl.","Nie	sadzę,	ze	kto-ś/	kto-kolwiek	przyszedl.",not	I:think	that	who-indef	who-indef	came,I don't think that anybody came.,,,,,
poli1260-6,poli1260,Możesz mnie odwiedzić o której-kolwiek godzinie.,Możesz	mnie	odwiedzić	o	której-kolwiek	godzinie.,you:can	me	visit	at	which-indef	hour,You can visit me at any time.,,,,,
poli1260-7,poli1260,Grażyna napisala więcej książek niż jaki-kolwiek inny autor.,Grażyna	napisala	więcej	książek	niż	jaki-kolwiek	inny	autor.,Grażyna	wrote	more	books	than	which-indef	other	author,Grazyna has written more books than any other author.,,,,,
poli1260-8,poli1260,Ni-kt ni-c nie wie.,Ni-kt	ni-c	nie	wie.,neg-who	neg-what	not	knows,Nobody knows anything.,,,,,
russ1263-1,russ1263,Kto-to postučal v dver'.,,,Somebody knocked at the door.,,,,,
russ1263-2,russ1263,Spojte nam kakoj-nibud'/kakoj-libo romans.,,,Sing some romance for us.,,,,,
russ1263-3,russ1263,My vstretimsja gde-nibud'/gde-libo.,,,We'll meet somewhere.,,,,,
russ1263-4,russ1263,Zvonil li mne kto-nibud'/kto-libo?,,,Did anyone call me?,,,,,
russ1263-5,russ1263,"Esli čto-nibud'/čto-libo slučitsja, ja skažu mame.",,,"If anything happens, I'll tell mom.",,,,,
russ1263-6,russ1263,Ona xočet vyjti zamužza kogo-to iz Ameriki.,,,She wants to marry someone [specific] from America.,,,,,
russ1263-7,russ1263,Ona xočet vyjti zamužza kogo-nibud'/kogo-to iz Ameriki.,,,She wants to marry someone [non-specific] from America.,,,,,
russ1263-8,russ1263,Zdes' prijatnee žit' čem gde-libo/gde by to ni bylo v mire.,,,Here it is more pleasant to live than anywhere in the world.,,,,,
russ1263-9,russ1263,Otsutstvujut kakie-libo/kakie by to ni bylo ukazanija o sposobe ix primenenija.,,,Any indications about the mode of their use are lacking.,,,,,
russ1263-10,russ1263,bez kakoj-libo/kakoj by to ni bylo pomoši,,,without any help,,,,,
russ1263-11,russ1263,"Esli ty uslyšiš' čto by to ni bylo, razbudi menja.",,,"If you hear anything (at all), wake me up.",,,,,
russ1263-12,russ1263,*Slyšala li ty čto by to ni bylo?,,,Did you hear anything (at all)?,,,,,
russ1263-13,russ1263,Ty možeš' kupit' ljubuju/kakuju ugodno/?kakuju by to ni bylo knigu.,,,You may buy any book.,,,,,
russ1263-14,russ1263,Nikogda ja ne zabudu tebja.,,,I will never forget you.,,,,,
russ1263-15,russ1263,Nam nado pogovorit' s toboj koe o čem.,,,You and I have to talk about something.,,,,,
lith1251-1,lith1251,"Jei tu ką nors/ kaž-ka matai, pasaky-k man.","Jei	tu	ką	nors/	kaž-ka	matai,	pasaky-k	man.",if	you	what	indef	indef-what	see	tell-impv	to:me,"If you see anything/something, tell me.",,,,,
lith1251-2,lith1251,Ne-langva rasti ką nors kas padėtų jums.,Ne-langva	rasti	ką	nors	kas	padėtų	jums.,neg-possible	find	whom	indef	who	help	you,It's impossible to find anyone who would help you.,,,,,
lith1251-3,lith1251,Nie-kas man nie-ko ne-saki.,Nie-kas	man	nie-ko	ne-saki.,neg-who	to:me	neg-what	neg-told,Nobody told me anything.,,,,,
lith1251-4,lith1251,Bet kas gali paaiškinti šią problema.,Bet	kas	gali	paaiškinti	šią	problema.,indef	who	can	solve	this	problem,Anybody can solve this problem.,,,,,
lith1251-5,lith1251,Aš esme suprantu geriau negu kas nors/ bet kas kitas.,Aš	esme	suprantu	geriau	negu	kas	nors/	bet	kas	kitas.,I	essence	understand	better	than	who	indef	indef	who	other,I understand the essence better than anyone else.,,,,pilka1984[146],
lith1251-6,lith1251,Žirardo ne-atskleidžia jokių naujų savo talento pusiu.,Žirardo	ne-atskleidžia	jokių	naujų	savo	talento	pusiu.,Girardeaux	neg-shows	any	new	her	talent's	sides,Girardeaux does not show any new sides of her talent.,,,,pilka1984[87],
lith1251-7,lith1251,Dauguma meteorų pasirodo naktį be jokių/ kokiu nors desningumu.,Dauguma	meteorų	pasirodo	naktį	be	jokių/	kokiu	nors	desningumu.,majority	of:meteors	appear	at:night	without	any	which	indef	regularities,The majority of meteors appear at night without any regularities.,,,,pilka1984[87],
latv1249-1,latv1249,Viņš kaut kur aizgājis.,Viņš	kaut	kur	aizgājis.,he	indef	where	left,He went somewhere.,,,,,
latv1249-2,latv1249,Nopēre kaut ko.,Nopēre	kaut	ko.,buy	indef	what,Buy something.,,,,,
latv1249-3,latv1249,Vai tu gatavojies kaut kur braukt?,Vai	tu	gatavojies	kaut	kur	braukt?,q	you	you:are:prepared	indef	where	to:go,Are you going to go anywhere?,,,,,
latv1249-4,latv1249,"Ja kāds atnāk(tu), saki, lai viņš pagaida.","Ja	kāds	atnāk(tu),	saki,	lai	viņš	pagaida.",if	who	arrives	say:impv	let	he	wait,"If anyone comes, say that he should wait.",,,,,
latv1249-5,latv1249,"Ja kaut kur <*jeb-kur> ejat, tad pasakiet man.","Ja	kaut	kur	<*jeb-kur>	ejat,	tad	pasakiet	man.",if	indef	where	indef-where	you:go	then	tell:impv	me,"If you go anywhere, tell me.",,,,,
latv1249-6,latv1249,Varat nākt jeb-kurā laikā.,Varat	nākt	jeb-kurā	laikā.,you:can	to:come	indef-which	time:loc,You can come at any time.,,,,,
latv1249-7,latv1249,Tas viņu iepriecināja vairāk nekā jeb-kas cits.,Tas	viņu	iepriecināja	vairāk	nekā	jeb-kas	cits.,that	him	delighted	more	than	indef-what	other,It made him more glad than anything else.,,,,,
latv1249-8,latv1249,bez jeb-kādām pārmainām,bez	jeb-kādām	pārmainām,without	indef-which	changes,without any changes,,,,,
latv1249-9,latv1249,"Es nedomāju, ka kāds atnāks.","Es	nedomāju,	ka	kāds	atnāks.",I	not.think	that	who	came,I don't think that anybody came.,,,,,
latv1249-10,latv1249,Viņu ne-kas ne-interesē.,Viņu	ne-kas	ne-interesē.,him	neg-what	neg-interests,Nothing interests him.,,,,,
iris1253-1,iris1253,Tá rud agam le rá leat.,Tá	rud	agam	le	rá	leat.,is	thing	on:me	for	telling	to:you,I have something to tell you.,,,,,"NT, Lk 7.40"
iris1253-2,iris1253,Dúirt duine éigin liom é.,Dúirt	duine	éigin	liom	é.,told	person	certain	to:me	he,Somebody told me.,,,,de_bhaldraithe1959[683],
iris1253-3,iris1253,Caithfear teacht ar réiteach éigin eile.,Caithfear	teacht	ar	réiteach	éigin	eile.,must:fut	coming	on	solution	certain	other,Some other solution will have to be found.,,,,de_bhaldraithe1959[682],
iris1253-4,iris1253,Abair rud éigin.,Abair	rud	éigin.,say:impv	thing	certain,Say something.,,,,de_bhaldraithe1959[683],
iris1253-5,iris1253,An bhfuil aon airgead/ airgead ar bith agat?,An	bhfuil	aon	airgead/	airgead	ar	bith	agat?,q	is	any	money	money	on	world	at:you,Do you have any money?,,,,,
iris1253-6,iris1253,An bhfuil dada le rá agat?,An	bhfuil	dada	le	rá	agat?,q	is	anything	for	telling	at:you,Do you have anything to say?,,,,o_donaill1977[361],
iris1253-7,iris1253,An bhfeiceann tú duine ar bith ansin thall?,An	bhfeiceann	tú	duine	ar	bith	ansin	thall?,q	see	you	person	on	world	there	over,Do you see anyone over there?,,,,,
iris1253-8,iris1253,Má thagann aon duine acu ...,Má	thagann	aon	duine	acu	...,if	comes	any	person	at:them	...,If any of them should come ...,,,,de_bhaldraithe1959[28],
iris1253-9,iris1253,Má thagann sé go deo/ choíche ...,Má	thagann	sé	go deo/ choíche	...,if	comes	he	ever	...,If he ever comes ...,,,,de_bhaldraithe1959[229],
iris1253-10,iris1253,Má chuir sé fearg ort ar dhóigh ar bith ...,Má	chuir	sé	fearg	ort	ar	dhóigh	ar	bith	...,if	puts	he	anger	on:you	on	manner	on	world	...,If he has in any way offended you ...,,,,de_bhaldraithe1959[28],
iris1253-11,iris1253,Ní mheasaim gur tháinig aon duine/ duine ar bith acu.,Ní	mheasaim	gur	tháinig	aon	duine/	duine	ar	bith	acu.,neg	I:think	that	arrived	any	person	man	on	world	at:them,I don't think any of them has arrived.,,,,de_bhaldraithe1959[28],
iris1253-12,iris1253,Níorbh áil leis go mbeadh fios ag aon duine.,Níorbh	áil	leis	go	mbeadh	fios	ag	aon	duine.,neg:was	desire	with:him	that	be	knowledge	at	any	person,He didn't want anyone to know it.,,,,,"NT, Mk 9.30"
iris1253-13,iris1253,Tháinig an bháisteach níos tréine ná riamh.,Tháinig	an	bháisteach	níos	tréine	ná	riamh.,arrived	the	rain	more	power	than	ever,"It started to rain, faster than ever.",,,,de_bhaldraithe1959[229],
iris1253-14,iris1253,chomh maith le aon duine beo,chomh	maith	le	aon	duine	beo,as	good	with	any	man	living,as good as any man,,,,de_bhaldraithe1959[28],
iris1253-15,iris1253,Níor labhair aon duine/ duine ar bith liom.,Níor	labhair	aon	duine/	duine	ar	bith	liom.,neg	spoke	any	person	person	on	world	with:me,Nobody spoke to me.,,,,de_bhaldraithe1959[477],
iris1253-16,iris1253,Ní dúirt siad aon ní/ dada/ rud ar bith le haon duine.,Ní	dúirt	siad	aon	ní/	dada/	rud	ar	bith	le	haon	duine.,neg	said	they	any	thing	anything	thing	on	world	to	any	person,They didn't say anything to anybody.,,,,,
iris1253-17,iris1253,Ní labhair sé riamh air.,Ní	labhair	sé	riamh	air.,neg	spoke	he	ever	on:it,He never spoke of it.,,,,o_donaill1977[997],
iris1253-18,iris1253,Tar lá ar bith/ aon lá (a thogrós tú).,Tar	lá	ar	bith/	aon	lá	(a	thogrós	tú).,come	day	on	world	any	day	that	like	you,Come any day (you like).,,,,de_bhaldraithe1959[28],
iris1253-19,iris1253,Íosfaidh sé rud ar bith/ aon rud/ *dada.,Íosfaidh	sé	rud	ar	bith/	aon	rud/	*dada.,eats:hab	he	thing	on	world	any	thing	anything,He eats anything.,,,,de_bhaldraithe1959[28],
osse1243-1,osse1243,Cy-dær mæ qygdær-y.,Cy-dær	mæ	qygdær-y.,what-indef	me	bother-pres.3sg,Something bothers me.,,,,kulaev1958[52],
osse1243-2,osse1243,Mænæm dær ma is-ty ratt.,Mænæm	dær	ma	is-ty	ratt.,I:dat	also	pt	indef-what	give(impv),"Give me something, too.",,,,,
osse1243-3,osse1243,Dy is-kæj uyn-ys?,Dy	is-kæj	uyn-ys?,you	indef-who	see-pres.2sg,Do you see anybody?,,,,,
osse1243-4,osse1243,"Dy is-ty kuy ssar-i-s, uæd mænæm dær æxsyzgon uaid.","Dy	is-ty	kuy	ssar-i-s,	uæd	mænæm	dær	æxsyzgon	uaid.",you	indef-what	if	find-sbjv-2sg	then	I:dat	also	glad	will:be,"If you find anything, I'll be glad.",,,,,
osse1243-5,osse1243,"Æz dyzærdyg kæn-yn, is-či ærbacæu-dzæn ævi næ.","Æz	dyzærdyg	kæn-yn,	is-či	ærbacæu-dzæn	ævi	næ.",I	doubt	do-pres.1sg	indef-who	come-fut(3sg)	or	not,I doubt that anyone will come.,,,,,
osse1243-6,osse1243,"Aj xuymætæg xyncinag u, či-dæriddær dær æj baxync-dzæn.","Aj	xuymætæg	xyncinag	u,	či-dæriddær	dær	æj	baxync-dzæn.",this	simple	problem	is	who-indef	also	it	solve-fut(3sg),"This is a simple problem, anyone will solve it.",,,,,
osse1243-7,osse1243,Uyj jæ k'lasy kæmæj-dæriddær zonddžyn-dær u.,Uyj	jæ	k'lasy	kæmæj-dæriddær	zonddžyn-dær	u.,he	his	class	who:abl-indef	smart-compr	is,He is smarter than anyone in his class.,,,,,
osse1243-8,osse1243,Æz uym ni-kæj uyd-t-on.,Æz	uym	ni-kæj	uyd-t-on.,I	there	neg-who	see-pst-1sg,I didn't see anyone there.,,,,,
osse1243-9,osse1243,Ma-kædæm acu.,Ma-kædæm	acu.,neg-where	go(impv),Don't go anywhere.,,,,,
west2369-1,west2369,Diruz kas-i-râ dar otobus did-am.,Diruz	kas-i-râ	dar	otobus	did-am.,yesterday	person-indef-acc	on	bus	see:pst-1sg,Yesterday I saw someone [known/unknown] on the bus.,,,,,
west2369-2,west2369,Yek vaqt-i be xâne-ye mâ bey-âyid.,Yek	vaqt-i	be	xâne-ye	mâ	bey-âyid.,one	time-indef	to	house-lk	we	sbjv-come:impv,Come to our house sometime.,,,,,
west2369-3,west2369,Âyâ (hič) čiz-i mi-šanav-i?,Âyâ	(hič)	čiz-i	mi-šanav-i?,q	indef	thing-indef	impf-hear-2sg,Can you hear anything?,,,,,
west2369-4,west2369,"Agar (*hič) čiz-i šanid-i, be man be-gu.","Agar	(*hič)	čiz-i	šanid-i,	be	man	be-gu.",if	indef	thing-indef	hear-2sg	to	me	sbjv-say,"If you hear anything, tell me.",,,,,
west2369-5,west2369,Fekr na-mi-kon-am (ke) Sorâyâ (hič) čiz-i šanide bâšad.,Fekr	na-mi-kon-am	(ke)	Sorâyâ	(hič)	čiz-i	šanide	bâšad.,thinking	neg-impf-do-1sg	that	Soraya	indef	thing-indef	heard	has,I don't think that Soraya heard anything.,,,,,
west2369-6,west2369,Hič kas(-i)/ kas-i zang na-zad.,Hič	kas(-i)/	kas-i	zang	na-zad.,indef	person-indef	person-indef	ring	neg-hit,Nobody called.,,,,,
west2369-7,west2369,Har kas(-i) mi-tavânad in masʔale-râ hall konad.,Har	kas(-i)	mi-tavânad	in	masʔale-râ	hall	konad.,every	person-indef	impf-can	this	problem-acc	solving	do,Anyone can solve this problem.,,,,,
west2369-8,west2369,Pesar az har kas-i tondtar mi-davad.,Pesar	az	har	kas-i	tondtar	mi-davad.,boy	than	every	person-indef	faster	impf-runs,The boy runs faster than anyone.,,,,,
hind1269-1,hind1269,"Kisii-ne <*bhii> fon kiy-aa thaa, par mãĩ tumhẽ nahĩ bataaũgii, kis-ne.","Kisii-ne	<*bhii>	fon	kiy-aa	thaa,	par	mãĩ	tumhẽ	nahĩ	bataaũgii,	kis-ne.",someone-erg	indef	phone	do-pfv	was	but	I	you	neg	I:will:tell	who-erg,"Someone has phoned, but I won't tell you who.",,,,,
hind1269-2,hind1269,"Kisii-ne <*bhii> fon kiy-aa thaa, par mujhe nahĩ maaluum, kis-ne.","Kisii-ne	<*bhii>	fon	kiy-aa	thaa,	par	mujhe	nahĩ	maaluum,	kis-ne.",someone-erg	indef	phone	do-pfv	was	but	I:dat	neg	known	who-erg,"Someone has phoned, but I don't know who.",,,,,
hind1269-3,hind1269,Mujhe nahĩ lag-taa hai ki kal koii (bhii) aaege.,Mujhe	nahĩ	lag-taa	hai	ki	kal	koii	(bhii)	aaege.,I:dat	neg	seem-impf	is	that	tomorrow	someone	indef	he:will:come,It doesn't seem to me that anyone will come tomorrow.,,,,davison1978a[37],
hind1269-4,hind1269,Ghar mẽ koii (bhii) nahĩ hai.,Ghar	mẽ	koii	(bhii)	nahĩ	hai.,house	in	someone	indef	neg	is,No one (at all) is at home.,,,,bhatia1978[69],
hind1269-5,hind1269,Kisii-ne kuch nahĩ dekh-aa.,Kisii-ne	kuch	nahĩ	dekh-aa.,someone-erg	something	neg	see-pfv,Nobody saw anything. (Or: Someone saw nothing.),,,,davison1978a[29],
hind1269-6,hind1269,Wah kisii-ko/ kisii-ko bhii fon kar-naa caah-tii hai.,Wah	kisii-ko/	kisii-ko	bhii	fon	kar-naa	caah-tii	hai.,she	someone-dat	someone-dat	indef	phone	do-inf	want-impf	is,She wants to phone someone (specific/non-specific).,,,,,
hind1269-7,hind1269,Kisii-ko (bhii) fon kar-o!,Kisii-ko	(bhii)	fon	kar-o!,someone-dat	indef	phone	do-impv,Phone someone!,,,,,
hind1269-8,hind1269,Kyaa aap-ne kisii-ko/ kisii-ko bhii dekh-aa?,Kyaa	aap-ne	kisii-ko/	kisii-ko	bhii	dekh-aa?,q	you-erg	someone-dat	someone	indef	see-pfv,Did you see somebody/anybody?,,,,davison1978a[27-28],
hind1269-9,hind1269,"Agar koii (bhii) fon kare, mujhe bataanaa.","Agar	koii	(bhii)	fon	kare,	mujhe	bataanaa.",if	someone	indef	phone	calls	I:dat	tell,"If anybody (at all) calls, tell me.",,,,,
hind1269-10,hind1269,Yeh laṛkaa apne vidyaalay ke kisii bhii laṛke se zyaada tez daur-taa hai.,Yeh	laṛkaa	apne	vidyaalay	ke	kisii	bhii	laṛke	se	zyaada	tez	daur-taa	hai.,this	boy	his	class	of	someone	indef	boy	from	more	fast	run-impf	is,This boy runs faster than anyone in his class.,,,,,
hind1269-11,hind1269,Ghar mẽ koii bhii aa sak-taa hai.,Ghar	mẽ	koii	bhii	aa	sak-taa	hai.,house	in	someone	indef	come	can-impf	is,Anyone can come into the house.,,,,bhatia1978[70],
nucl1301-1,nucl1301,"San-a biri(si) telefon et-ti. Bil, bakalım, kim.","San-a	biri(si)	telefon	et-ti.	Bil,	bakalım,	kim.",you-dat	one	phone	do-pst	know	we'll.see	who,Someone phoned you. Guess who.,,,,,
nucl1301-2,nucl1301,San-a biri(si)/ herhangi biri telefon et-ti. Kim ol-duğ-u-nu bil-m-iyor-um.,San-a	biri(si)/	herhangi	biri	telefon	et-ti.	Kim	ol-duğ-u-nu	bil-m-iyor-um.,you-dat	one	any	one	phone	do-pst	who	be-rel-3sg-acc	know-neg-impf-1sg,Someone phoned you. I don't know who.,,,,,
nucl1301-3,nucl1301,Herhangi bir yer-e/ bir yer-e telefon et!,Herhangi	bir	yer-e/	bir	yer-e	telefon	et!,any	one	place-dat	one	place-dat	phone	do(impv),Call somewhere (or other)!,,,,,
nucl1301-4,nucl1301,Herhangi bir şey/ bir şey/ hiç bir şey duy-du-n mu?,Herhangi	bir	şey/	bir	şey/	hiç	bir	şey	duy-du-n	mu?,any	one	thing	one	thing	indef	one	thing	hear-pst-2sg	q,Did you hear anything?,,,,,
nucl1301-5,nucl1301,"Herhangi biri/ biri telefon ed-er-se, ban-a hemen söyle.","Herhangi	biri/	biri	telefon	ed-er-se,	ban-a	hemen	söyle.",any	one	one	phone	do-aor-cond	I-dat	straight.away	say(impv),"If anyone calls, tell me immediately.",,,,,
nucl1301-6,nucl1301,Kimse-nin/ herhangi biri-nin/ hiç kimse-nin gel-me-si gerekli değil.,Kimse-nin/	herhangi	biri-nin/	hiç	kimse-nin	gel-me-si	gerekli	değil.,anyone-gen	any	one-gen	indef	anyone-gen	come-masd-3sg	necessary	neg.is,It is not necessary for anyone to come.,,,,,
nucl1301-7,nucl1301,Hiç bir şey/ herhangi bir şey/ bir şey gör-me-di-m.,Hiç	bir	şey/	herhangi	bir	şey/	bir	şey	gör-me-di-m.,indef	one	thing	any	one	thing	one	thing	see-neg-pst-1sg,I didn't see anything.,,,,,
nucl1301-8,nucl1301,Herhangi biri bu problem-i çöz-ebil-ir.,Herhangi	biri	bu	problem-i	çöz-ebil-ir.,any	one	this	problem-acc	solve-abil-aor(3sg),Anyone can solve this problem.,,,,,
nucl1301-9,nucl1301,Murat sınıf-ın-da-ki herhangi birin-den daha hızlı koş-ar.,Murat	sınıf-ın-da-ki	herhangi	birin-den	daha	hızlı	koş-ar.,Murat	class-3sg-loc-attr	any	one-abl	more	fast	run-aor,Murat runs faster than anyone in his class.,,,,,
kaza1248-1,kaza1248,Älde-qajdan mašina-nyŋ gudag-y estil-di.,Älde-qajdan	mašina-nyŋ	gudag-y	estil-di.,indef-where	car-gen	honk-3sg	sound-pst,Somewhere the honk of a car sounded.,,,,sauranbaev1954[151],
kaza1248-2,kaza1248,Ol älde-qandaj dälel-der keltir-di.,Ol	älde-qandaj	dälel-der	keltir-di.,he	indef-which	argument-pl	adduce-pst(3sg),He adduced some arguments or other.,,,,sauranbaev1954[319],
kaza1248-3,kaza1248,Birew telefon soq-ty kim ekenin tapšy.,Birew	telefon	soq-ty	kim	ekenin	tapšy.,someone	phone	hit-pst	who	[?]	guess(impv),Someone called — guess who.,,,,,
kaza1248-4,kaza1248,Birew telefon soq-ty byraq kim ekenin bil-me-j-min.,Birew	telefon	soq-ty	byraq	kim	ekenin	bil-me-j-min.,someone	phone	hit-pst	but	who	[?]	know-neg-pres-1sg,"Someone called, but I don't know who.",,,,,
kaza1248-5,kaza1248,Bir žer-de kezde-ser-miz.,Bir	žer-de	kezde-ser-miz.,one	place-iness	meet-fut-1pl,Let's meet somewhere.,,,,,
kaza1248-6,kaza1248,Birew <*älde-kim> kel-di me?,Birew	<*älde-kim>	kel-di	me?,someone	indef-who	come-pst(3sg)	q,Did anyone come?,,,,,
kaza1248-7,kaza1248,"Birew <*älde-kim> kel-se, ma-ɣan ajt.","Birew	<*älde-kim>	kel-se,	ma-ɣan	ajt.",someone	indef-who	come-cond(3sg)	I-dat	tell(impv),"If anyone comes, tell me.",,,,,
kaza1248-8,kaza1248,Birew kel-di dep sen-be-j-min.,Birew	kel-di	dep	sen-be-j-min.,someone	come-pst(3sg)	that	think-neg-pres-1sg,I don't think that anyone came.,,,,,
kaza1248-9,kaza1248,Eš-kim eš-närse de-me-di.,Eš-kim	eš-närse	de-me-di.,neg-who	neg-anything	say-neg-pst(3sg),Nobody said anything.,,,,,
kaza1248-10,kaza1248,Seniŋ kim-di bolsa da šaqyru-ŋa bolady.,Seniŋ	kim-di	bolsa da	šaqyru-ŋa	bolady.,you	who-acc	indef	invite-masd	may,You may invite anyone.,,,,,
kaza1248-11,kaza1248,Bir waqyt-ta/ qašan bolsa da seniŋ Moskva-da bol-ǧa-nyŋ bar ma?,Bir	waqyt-ta/	qašan	bolsa da	seniŋ	Moskva-da	bol-ǧa-nyŋ	bar	ma?,one	time-iness	when	indef	you	Moscow-iness	be-pst-2sg	is	q,Have you ever been to Moscow?,,,,,
yaku1245-1,yaku1245,Kim ere eji-exe kiir-e syld'y-byt-a.,Kim	ere	eji-exe	kiir-e	syld'y-byt-a.,who	indef	you-dat	enter-conv	go-perf-3sg,Someone has come to you.,,,,afanasev1968[250],
yaku1245-2,yaku1245,Xojut kim-inen eme tug-u eme yyt-ya-m.,Xojut	kim-inen	eme	tug-u	eme	yyt-ya-m.,afterwards	who-instr	indef	what-acc	indef	send-fut-1sg,Afterwards I'll send something with someone.,,,,ubrjatova1982[200],
yaku1245-3,yaku1245,En xahan eme Moskva-ɣa syld'y-byt-yŋ duo?,En	xahan	eme	Moskva-ɣa	syld'y-byt-yŋ	duo?,you	when	indef	Moscow-dat	go-perf-2sg	q,Have you ever been to Moscow?,,,,afanasev1968[229],
yaku1245-4,yaku1245,"Kim eme kel-leɣine, mii-gin üle-t-iger bar-byt-a die.","Kim	eme	kel-leɣine,	mii-gin	üle-t-iger	bar-byt-a	die.",who	indef	come-cond	I-acc	work-3sg-dat	go-perf-3sg	say(impv),"If anyone comes, say that I went to work.",,,,afanasev1968[250],
yaku1245-5,yaku1245,Kini-ni tuox da interiehirge-ppet.,Kini-ni	tuox	da	interiehirge-ppet.,he-acc	what	indef	interest-neg.3sg,Nothing interests him.,,,,afanasev1968[336],
yaku1245-6,yaku1245,Ajylɣa kiergel-in kim-ten da syanalyy-r.,Ajylɣa	kiergel-in	kim-ten	da	syanalyy-r.,nature	beauty-3sg:acc	who-abl	indef	appreciate-3sg,He appreciates nature's beauty more than anyone.,,,,ubrjatova1982[209],
yaku1245-7,yaku1245,Kini-tten tug-u baɣarar küüt-üö-xxe söp.,Kini-tten	tug-u	baɣarar	küüt-üö-xxe	söp.,he-abl	what-acc	indef	expect-masd-dat	possible,One can expect anything from him.,,,,ubrjatova1982[207],
hung1274-1,hung1274,Vala-hol már tolál-koz-t-unk.,Vala-hol	már	tolál-koz-t-unk.,indef-where	already	meet-refl-pst-1pl,We have met somewhere before.,,,,,
hung1274-2,hung1274,"Mester, lát-ánk vala-ki-t, a_ki a te nev-ed-del ördög-ök-et üz.","Mester,	lát-ánk	vala-ki-t,	a_ki	a	te	nev-ed-del	ördög-ök-et	üz.",master	see-1pl	indef-who-acc	who	art	you	name-2sg-instr	devil-pl-acc	drive,"Master, we saw one casting out devils in thy name.",,,,,"NT, Mk 9.38"
hung1274-3,hung1274,Majd csak meglesz-ünk vala-hogy.,Majd	csak	meglesz-ünk	vala-hogy.,later	only	manage-1pl	indef-how,We'll manage somehow.,,,,,
hung1274-4,hung1274,"Nem lát-t-am sem-mi-t <*akár-mi-t, *bár-mi-t>.","Nem	lát-t-am	sem-mi-t <*akár-mi-t, *bár-mi-t>.",neg	see-pst-1sg	indef-what-acc,I did not see anything.,,,,,
hung1274-5,hung1274,Sen-ki-nek sem-mi-t sem szólának.,Sen-ki-nek	sem-mi-t	sem	szólának.,indef-who-dat	indef-what-acc	neg	say:3pl,Neither said they any thing to any man.,,,,,"NT, Mk 16.8"
hung1274-6,hung1274,Akár-ki tanul-hat-ott.,Akár-ki	tanul-hat-ott.,indef-who	learn-pot-pst(3sg),Anybody could learn.,,,,,
hung1274-7,hung1274,"Itt jobb a klíma, mint akár-hol/bár-hol Európá-ban.","Itt	jobb	a	klíma,	mint	akár-hol/bár-hol	Európá-ban.",here	better	art	climate	than	indef-where	Europe-iness,Here the climate is better than anywhere in Europe.,,,,,
hung1274-8,hung1274,"Nem hisz-em, hogy vala-ki/ bár-ki/akár-ki lát-t-a volna.","Nem	hisz-em,	hogy	vala-ki/	bár-ki/akár-ki	lát-t-a	volna.",neg	think-1sg	that	indef-who	indef-who	see-pst-3sg	sbjv,I don't think that anybody has seen it.,,,,,
hung1274-9,hung1274,"Ha bár-mi-t/akár-mi-t/vala-mi-t hal-asz, ébressz fel.","Ha	bár-mi-t/akár-mi-t/vala-mi-t	hal-asz,	ébressz	fel.",if	indef-what-acc	hear-2sg	wake	up,"If you hear anything (at all), wake me up.",,,,,
hung1274-10,hung1274,"Hall-ott-ál vala-mi-t <*akár-mi-t, *bár-mi-t>?","Hall-ott-ál	vala-mi-t	<*akár-mi-t,	*bár-mi-t>?",hear-pst-2sg	indef-what-acc	indef-what-acc	indef-what-acc,Did you hear anything?,,,,,
finn1318-1,finn1318,*Joku soitt-i. Arvaa kuka (se oli)?,*Joku	soitt-i.	Arvaa	kuka	(se	oli)?,someone	call-pst(3sg)	guess:impv	who	it	was,Someone called. Guess who (it was).,,,,,
finn1318-2,finn1318,Eräs ystäväni kerto-i sen.,Eräs	ystäväni	kerto-i	sen.,certain	friend	tell-pst(3sg)	it,A certain friend told him.,,,,,
finn1318-3,finn1318,"Joku soitt-i, mutta en saa-nut nime-stä selvää.","Joku	soitt-i,	mutta	en	saa-nut	nime-stä	selvää.",someone	call-pst(3sg)	but	neg:1sg	get-pst.ptcp	name-elat	clear:prtv,"Someone called, but I didn't understand the name.",,,,,
finn1318-4,finn1318,"Hän haluaa mennä naimisiin jonkun kanssa, jolla on tumma tukka.","Hän	haluaa	mennä	naimisiin	jonkun	kanssa,	jolla	on	tumma	tukka.",she	wants	go	marriage	someone	with	who-on	is	dark	hair,She wants to marry someone [non-specific] with black hair.,,,,,
finn1318-5,finn1318,Soitt-i-ko joku/ kuka-an/ *kuka hyvänsä?,Soitt-i-ko	joku/	kuka-an/	*kuka	hyvänsä?,call-pst(3sg)-q	someone	who-indef	who	indef,Did someone/anyone call?,,,,,
finn1318-6,finn1318,"Jos joku/ kuka hyvänsä/ *kuka-an soittaa, sano minulle.","Jos	joku/	kuka	hyvänsä/	*kuka-an	soittaa,	sano	minulle.",if	someone	who	indef	who-indef	calls	tell(impv)	I:on,"If someone/anyone at all calls, tell me.",,,,,
finn1318-7,finn1318,Kuka-an ei kerto-nut minulle mitä-än.,Kuka-an	ei	kerto-nut	minulle	mitä-än.,who-indef	neg:3sg	tell-pst.ptcp	I:on	when-indef,Nobody told me anything.,,,,,
finn1318-8,finn1318,Epäilen että poika varast-i mitä-än.,Epäilen	että	poika	varast-i	mitä-än.,I:doubt	that	boy	steal-pst(3sg)	what-indef,I doubt that the boy stole anything.,,,,,
finn1318-9,finn1318,Ilmasto on täällä mielyttävä-mpi kuin missä-än muualla Euroopa-ssa.,Ilmasto	on	täällä	mielyttävä-mpi	kuin	missä-än	muualla	Euroopa-ssa.,climate	is	here	pleasant-compr	than	where-indef	else	Europe-iness,Here the climate is more pleasant than anywhere in Europe.,,,,,
finn1318-10,finn1318,Kuka tahansa osaa natkaista tämän ongelman.,Kuka	tahansa	osaa	natkaista	tämän	ongelman.,who	indef	can	solve	this	problem,Anyone can solve this problem.,,,,,
finn1318-11,finn1318,Täällä on yhtä mukavaa kuin missä tahansa muualla.,Täällä	on	yhtä	mukavaa	kuin	missä	tahansa	muualla.,here	is	as	pleasant	as	where	indef	else,It is as pleasant here as anywhere else.,,,,,
nana1257-1,nana1257,Tuj manga puksin-du xamaaa-daa aliasi-ni goani.,Tuj	manga	puksin-du	xamaaa-daa	aliasi-ni	goani.,thus	strong	storm-dat	who-indef	bear-3sg	pt,"Of course, nobody can bear such a strong storm.",,,,onenko1980[441-449],
nana1257-2,nana1257,Duente doowani xaj-daa xaon anaa pulsiu-mi aaasi.,Duente	doowani	xaj-daa	xaon	anaa	pulsiu-mi	aaasi.,taiga	inside	who-indef	weapon	without	walk-conv	suit:neg,One should not walk in the taiga without any weapon.,,,,onenko1980[441-449],
nana1257-3,nana1257,"Naj xaj-doj-daa murumku, masi, imdar.","Naj	xaj-doj-daa	murumku,	masi,	imdar.",human	who-than-indef	smart	strong	skillful,"A human being is smarter, stronger, and more skillful than anyone.",,,,onenko1980[441-449],
nana1257-4,nana1257,"Xajdu-daa maNga-wa, kamaa-wa baa-xan osini, mimbi-we doolaa xeersigu-xeeri.","Xajdu-daa	maNga-wa,	kamaa-wa	baa-xan	osini,	mimbi-we	doolaa	xeersigu-xeeri.",where-indef	difficulty-acc	problem-acc	find-pst	if	I-acc	quietly	call-impv,"If you meet with difficulties anywhere, call me quietly.",,,,onenko1980[441-449],
nana1257-5,nana1257,Xaj-daa osii-daa osi-ara.,Xaj-daa	osii-daa	osi-ara.,what-indef	[?]	happen-fut.3sg,Something may happen.,,,,onenko1980[441-449],
nana1257-6,nana1257,"Sajna, xaj-daa aka o-i-ni biere.","Sajna,	xaj-daa	aka	o-i-ni	biere.",probably	what-indef	thing	happen-pst-3sg	apparently,Probably something has happened.,,,,onenko1980[441-449],
nana1257-7,nana1257,"Xaami-daa_xem_aja, ii-xeri.","Xaami-daa_xem_aja,	ii-xeri.",when-indef	come-impv,Come at any time.,,,,onenko1986[116],
nana1257-8,nana1257,Uj-nuu ook-i laN i-i-ni.,Uj-nuu	ook-i	laN	i-i-ni.,who-indef	house-dir	near	go-pst-3sg,Someone went up to the house.,,,,onenko1986[98],
nana1257-9,nana1257,Ñoambani xajla-nuu bajtalto-j-i.,Ñoambani	xajla-nuu	bajtalto-j-i.,they	what-indef	accuse-pres-3pl,They are accusing him of something.,,,,onenko1980[443],
lezg1247-1,lezg1247,Za wa-z sa wuč jat'ani luhu-da.,Za	wa-z	sa	wuč	jat'ani	luhu-da.,I:erg	you-dat	one	what	indef	say-fut,I'll tell you something.,,,,,
lezg1247-2,lezg1247,Gila čar-ar wučiz jat'ani xükwe-zma-č.,Gila	čar-ar	wučiz	jat'ani	xükwe-zma-č.,now	letter-pl	why	indef	come-cont.impf-neg,Now the letters don't come anymore for some reason.,,,,haspelmath1993[143],
lezg1247-3,lezg1247,Sa ni-z jat'ani ewer ce!,Sa	ni-z	jat'ani	ewer	ce!,one	who-dat	indef	call	give:impv,Call someone!,,,,haspelmath1993[195],
lezg1247-4,lezg1247,"Wa-z sa wuč jat'ani aku-r-t'a, za-z lah!","Wa-z	sa	wuč	jat'ani	aku-r-t'a,	za-z	lah!",you-dat	one	what:abs	indef	see-aor.ptcp-cond	I-dat	say:impv,"If you see anything, tell me.",,,,haspelmath1993[195],
lezg1247-5,lezg1247,Sa wuž jat'ani ata-nwa-ni?,Sa	wuž	jat'ani	ata-nwa-ni?,one	who:abs	indef	come-perf-q,Has anyone come?,,,,haspelmath1993[195],
lezg1247-6,lezg1247,Ada-qʰ galaz kwe-kaj x̂ajit'ani sühbet iji-z že-da.,Ada-qʰ	galaz	kwe-kaj	x̂ajit'ani	sühbet	iji-z	že-da.,she-postess	with	what-subel	indef	talk	do-inf	can-fut,With her one can talk about anything.,,,,haspelmath1993[196],
lezg1247-7,lezg1247,Jusuf.a ne-laj x̂ajit'ani qʰsan-diz mani-jar luhu-zwa.,Jusuf.a	ne-laj	x̂ajit'ani	qʰsan-diz	mani-jar	luhu-zwa.,Jusuf(erg)	who-suprel	indef	good-adv	song-pl	say-impf,Jusuf sings better than anyone.,,,,haspelmath1993[196],
lezg1247-8,lezg1247,Däwe mad sadra-ni sa kasdi-z-ni q'ismet ta-x̂u-raj.,Däwe	mad	sadra-ni	sa	kasdi-z-ni	q'ismet	ta-x̂u-raj.,war	again	once-even	one	person-dat-even	destiny	neg-be-opt,May war never again be anyone's destiny.,,,,haspelmath1993[196],
lezg1247-9,lezg1247,Ča-z sada-z-ni hič sa č'aw.u-z-ni däwe x̂a-na k'an-da-č.,Ča-z	sada-z-ni	hič	sa	č'aw.u-z-ni	däwe	x̂a-na	k'an-da-č.,we-dat	one-dat-even	ever	one	time-dat-even	war	be-aor.conv	want-fut-neg,None of us wants there ever to be war.,,,,haspelmath1993[198],
malt1254-1,malt1254,Xi ħadd qed jaħdem fil-ġnien.,Xi	ħadd	qed	jaħdem	fil-ġnien.,indef	anyone	prog	he:work:impf	in:the-garden,Somebody is working in the garden.,,,,haspelmath1996[216],
malt1254-2,malt1254,Xi darba is-sena d-dieħla mmur l-Afrika.,Xi	darba	is-sena	d-dieħla	mmur	l-Afrika.,indef	time	the-year	the-entering	I:go:impf	the-Africa,I'll go to Africa sometime next year.,,,,haspelmath1996[216],
malt1254-3,malt1254,"Jekk tara xi ħaġa <*xejn>, għidli.","Jekk	tara	xi	ħaġa	<*xejn>,	għidli.",if	you:see:impf	indef	thing	anything	tell:me:impv,"If you see anything, tell me.",,,,haspelmath1996[217],
malt1254-4,malt1254,Rajt xi ħaġa <*xejn>?,Rajt	xi	ħaġa	<*xejn>?,you:see:perf	indef	thing	anything,Did you see anything?,,,,haspelmath1996[217],
malt1254-5,malt1254,Dan huwa l-isbaħ inkwatru li ħadd qatt pinġa.,Dan	huwa	l-isbaħ	inkwatru	li	ħadd	qatt	pinġa.,this	it	the-beautiful:comp	picture	that	anyone	ever	he:paint:perf,This is the most beautiful painting that anyone has ever painted.,,,,haspelmath1996[219],
malt1254-6,malt1254,It-tifla għamlitha mingħajr ebda għajnuna.,It-tifla	għamlitha	mingħajr	ebda	għajnuna.,the-girl	she:do:it:perf	without	any	help,The girl did it without any help.,,,,haspelmath1996[219],
malt1254-7,malt1254,It-tifla ma rat xejn.,It-tifla	ma	rat	xejn.,the-girl	neg	she:see:perf	anything,The girl didn't see anything.,,,,haspelmath1996[217],
hebr1245-1,hebr1245,Raʔi-ti mi-šehu <*iš>.,Raʔi-ti	mi-šehu	<*iš>.,saw-1sg	who-indef	person,I saw somebody.,,,,,
hebr1245-2,hebr1245,Ti-rʔe ma-šehu <*davar>.,Ti-rʔe	ma-šehu	<*davar>.,2sg-will:see	what-indef	thing,You will see something.,,,,,
hebr1245-3,hebr1245,"Im ti-rʔe ma-šehu, t-agid li.","Im	ti-rʔe	ma-šehu,	t-agid	li.",if	2sg-will:see	what-indef	2sg-will:tell	to:me,,,,,,
hebr1245-4,hebr1245,"Im ti-rʔe davar, haged li.","Im	ti-rʔe	davar,	haged	li.",if	2sg-will:see	thing	tell:impv	to:me,"If you see anything, tell me.",,,,,
hebr1245-5,hebr1245,Haʔim amr-u zot le-iš/ -mi-šehu?,Haʔim	amr-u	zot	le-iš/	-mi-šehu?,q	said-3pl	that	to-person	who-indef,Did they tell this to anyone?,,,,glinert1982[463],
hebr1245-6,hebr1245,Ani lo ħoševet še-nirʔa iš/ mi-šehu ba-reħov.,Ani	lo	ħoševet	še-nirʔa	iš/	mi-šehu	ba-reħov.,I	neg	think:f	that-was:seem(3sg)	person	who-indef	in:the-street,I don't think that anyone was seen in the street.,,,,,
hebr1245-7,hebr1245,Lo raʔi-ti iš/ af eħad.,Lo	raʔi-ti	iš/	af	eħad.,neg	saw-1sg	person	indef	one,I did not see anybody.,,,,,
hebr1245-8,hebr1245,Lo raʔi-ti kol/ šum student.,Lo	raʔi-ti	kol/	šum	student.,neg	saw-1sg	any	any	student,I did not see any student.,,,,,
hebr1245-9,hebr1245,Af eħad/ iš lo ba.,Af	eħad/	iš	lo	ba.,indef	one	person	neg	came(3sg),Nobody came.,,,,glinert1982[434],
hebr1245-10,hebr1245,Ti-ršom kol ktovet šehi.,Ti-ršom	kol	ktovet	šehi.,2sg-will:note	any	address	indef,Note down any address.,,,,glinert1982[445],
hebr1245-11,hebr1245,Ani muxan la-gur be-dira kol-šehi.,Ani	muxan	la-gur	be-dira	kol-šehi.,I	willing	to-live	in-apartment	any-indef,I am willing to live in any apartment.,,,,glinert1989[94],
haus1257-1,haus1257,Wani àbù yaa sàamee shi.,Wani	àbù	yaa	sàamee	shi.,some	thing	3sg:pst	happen	him,Something has happened to him.,,,,manewman1990[252],
haus1257-2,haus1257,Wata raanaa sáà daawoo.,Wata	raanaa	sáà	daawoo.,some	day	3pl:fut	return,Some day they'll return.,,,,manewman1990[252],
haus1257-3,haus1257,Kaa ga wani mùtûm à oofìs?,Kaa	ga	wani	mùtûm	à	oofìs?,2sg:pst	see	some	man	in	office,Did you see someone at the office?,,,,manewman1990[252],
haus1257-4,haus1257,"Ìdan kaa jíì wani àbù, kà taashè ni.","Ìdan	kaa	jíì	wani	àbù,	kà	taashè	ni.",if	2sg:perf	hear	some	thing	2sg:sbjv	wake	me,"If you hear anything, wake me up.",,,,,
haus1257-5,haus1257,Yaa san tà fìye dà koo-waa.,Yaa	san	tà	fìye	dà	koo-waa.,3sg:pst	know	her	better	than	indef-who,He knows her better than anyone else.,,,,manewman1990[11],
haus1257-6,haus1257,Anàa saamùn-sà koo-'ìnaa.,Anàa	saamùn-sà	koo-'ìnaa.,one:pres	get-3sg	indef-where,You can get it anywhere.,,,,manewman1990[12],
haus1257-7,haus1257,Bà mù hàdu dà koo-waa à hanyàa ba.,Bà	mù	hàdu	dà	koo-waa	à	hanyàa	ba.,neg	1pl:pst	meet	to	indef-who	on	road	neg,We didn't meet anyone on the road.,,,,manewman1990[11],
haus1257-8,haus1257,Koo-mèe ya batà?,Koo-mèe	ya	batà?,indef-what	3sg:pst	lost,Is anything lost?,,,,attouman1984[535],
haus1257-9,haus1257,Koo-wàa ya zoo?,Koo-wàa	ya	zoo?,indef-who	3sg:pst	come,Has anyone come?,,,,attouman1984[541],
haus1257-10,haus1257,Koo-mee ya batà?,Koo-mee	ya	batà?,indef-what	3sg:pst	lost,Is everything lost?,,,,,
swah1253-1,swah1253,Mtu a-li-ni-gusa.,Mtu	a-li-ni-gusa.,man	3sg-pst-me-touch,Somebody has touched me.,,,,,"NT, Lk 8.46"
swah1253-2,swah1253,A-na neno la ku-mw-arifu.,A-na	neno	la	ku-mw-arifu.,3sg-has	word	of	inf-him-tell,She has something to tell him.,,,,,
swah1253-3,swah1253,Yesu a-li-mw-ambia... kwamba a-wa-pe maskini kitu.,Yesu	a-li-mw-ambia...	kwamba	a-wa-pe	maskini	kitu.,Jesus	3sg-pst-him-tell	that	3sg-them-give:sbjv	poor	thing,Jesus told him to give something to the poor.,,,,,"NT, John 13.29"
swah1253-4,swah1253,Wa-ona kitu?,Wa-ona	kitu?,2sg-see	thing,Do you see anything?,,,,,"NT, Mk 8.23"
swah1253-5,swah1253,"Kama mtu a-ki-wa-ambia neno, seme-ni, Bwana a-na haja na-o.","Kama	mtu	a-ki-wa-ambia	neno,	seme-ni,	Bwana	a-na	haja	na-o.",if	man	3sg-if-you-tell	word	say-pl	Lord	3sg-has	need	with-3pl,"If anyone says anything to you, say, the Lord needs them.",,,,,"NT, Mt 21.3"
swah1253-6,swah1253,Tokea hapo ha-i-ja-siki-wa ya kuwa mtu a-me-ya-fumbua macho ya kipofu.,Tokea	hapo	ha-i-ja-siki-wa	ya kuwa	mtu	a-me-ya-fumbua	macho	ya	kipofu.,since	then	neg-hear-pass	that	man	3sg-perf-them-open	eyes	of	blind,Since the world began was it not heard that any man opened the eyes of one that was born blind.,,,,,"NT, John 9.32"
swah1253-7,swah1253,Wala ha-wa-kumw-ambia mtu neno.,Wala	ha-wa-kumw-ambia	mtu	neno.,and	neg-them-him-say	man	thing,And they did not say anything to anybody.,,,,,"NT, Mk 16.8"
swah1253-8,swah1253,Daktari yule a-ta-ponya magonjwa yo yote.,Daktari	yule	a-ta-ponya	magonjwa	yo yote.,doctor	that	3sg-fut-cure	disease	any,That doctor will cure any disease whatsoever.,,,,,
swah1253-9,swah1253,Ninyi ha-m-jui neno lo lote.,Ninyi	ha-m-jui	neno	lo lote.,you	neg-it-know	word	any,You don't know anything.,,,,,"NT, John 11.49"
swah1253-10,swah1253,"A-li-mw-ambia malaika yupi wakati wo wote, Ndi-we mwana-ngu?","A-li-mw-ambia	malaika	yupi	wakati	wo wote,	Ndi-we	mwana-ngu?",3sg-pst-him-say	angel	which	time	any	you-are	son-1sg,"To which of the angels did he ever say, You are my son?",,,,,"NT, Heb 1.5"
swah1253-11,swah1253,"M-ki-ni-omba neno lo lote kwa jina langu, ni-ta-li-fanya.","M-ki-ni-omba	neno	lo lote	kwa	jina	langu,	ni-ta-li-fanya.",you-cond-me-ask	word	any	by	name	mine	1sg-fut-it-do,"If you ask anything in my name, I will do it.",,,,,"NT, John 14.14"
nucl1302-1,nucl1302,Es c'igni sad-ɣac v-išove.,Es	c'igni	sad-ɣac	v-išove.,this	book	where-indef	1sg-found,I found this book somewhere [I could say where].,,,,vogt1971[47],
nucl1302-2,nucl1302,Movida vi-ɣac <*vin-me> rusi.,Movida	vi-ɣac	<*vin-me>	rusi.,came	who-indef	who-indef	Russian,Some Russian person has come [I don't know him/her].,,,,vogt1971[47],
nucl1302-3,nucl1302,Dauʒaxet vi-s-me!,Dauʒaxet	vi-s-me!,call:impv:pl	who-dat-indef,Call somebody!,,,,,
nucl1302-4,nucl1302,Es c'igni sad-me unda v-išovo.,Es	c'igni	sad-me	unda	v-išovo.,this	book	where-indef	necessary	1sg-find:sbjv,I have to find this book somewhere.,,,,vogt1971[47],
nucl1302-5,nucl1302,Mosula vin-me <*vi-ɣac>?,Mosula	vin-me	<*vi-ɣac>?,came	who-indef	who-indef,Has anyone come?,,,,vogt1971[47],
nucl1302-6,nucl1302,"Tu vin-me movides, utxari.","Tu	vin-me	movides,	utxari.",if	who-indef	comes	tell:impv,"If anyone comes, tell (me).",,,,,
nucl1302-7,nucl1302,Vera-prit ver daitanxmes rom rogor-me sad-me sc'avla ganegrʒo.,Vera-prit	ver	daitanxmes	rom	rogor-me	sad-me	sc'avla	ganegrʒo.,neg-way	neg	persuade:him	that	how-indef	where-indef	study	he:continue:sbjv,They couldn't persuade him to continue his studies anywhere in any way.,,,,,
nucl1302-8,nucl1302,Man kartuli ena uk'et icis vidre sxva vin-me-m.,Man	kartuli	ena	uk'et	icis	vidre	sxva	vin-me-m.,he:erg	Georgian	language	better	knows	than	other	who-indef-erg,He knows Georgian better than anyone else.,,,,,
nucl1302-9,nucl1302,Me ara-sodes ara-vis-gan ara-pers ar mi-v-iɣeb.,Me	ara-sodes	ara-vis-gan	ara-pers	ar	mi-v-iɣeb.,I	neg-when	neg-who-from	neg-thing	neg	prev-1sg-get,I'll never get anything from anybody.,,,,tschenkeli1958[223],
nucl1302-10,nucl1302,Mas ara-vis-tvis utkvams.,Mas	ara-vis-tvis	utkvams.,he	neg-who-for	has:told,He hasn't told anybody.,,,,,
nucl1302-11,nucl1302,Nura-vi-s nu et'q'vi!,Nura-vi-s	nu	et'q'vi!,neg-who-dat	neg	tell,Don't tell anybody!,,,,vogt1971[48],
nucl1305-1,nucl1305,"Yaar-oo <*yaar-uu, *yaar-aadaruu> bandaru; (*yaaru uuhisi.)","Yaar-oo <*yaar-uu, *yaar-aadaruu>	bandaru;	(*yaaru	uuhisi.)",who-indef	came	who	guess,Someone <*anyone> came; (*guess who).,,,,bhat1981[7],
nucl1305-2,nucl1305,Ellig-aadaruu <*ellig-oo> hoogu.,Ellig-aadaruu <*ellig-oo>	hoogu.,where-indef	go,Go somewhere.,,,,bhat1981[6],
nucl1305-3,nucl1305,"Raamu ellig-aadaruu <*ellig-oo, *ellig-uu> hoodan-oo?","Raamu	ellig-aadaruu <*ellig-oo, *ellig-uu>	hoodan-oo?",Ramu	where-indef	go-q,Did Ramu go anywhere?,,,,bhat1981[6],
nucl1305-4,nucl1305,"Yaar-aadaruu <*yaar-oo, *yaar-uu> band-are heeḷ-utt-eene.","Yaar-aadaruu <*yaar-oo, *yaar-uu>	band-are	heeḷ-utt-eene.",who-indef	come-cond	tell-fut-1sg,I'll tell you if anyone comes.,,,,bhat1981[7],
nucl1305-5,nucl1305,Raamu ellig-uu hoodaanu.,Raamu	ellig-uu	hoodaanu.,Ramu	where-indef	may.go,Ramu may go anywhere.,,,,bhat1981[4],
nucl1305-6,nucl1305,Illige yaar-uu baral-illa.,Illige	yaar-uu	baral-illa.,hither	who-indef	come-neg,No one came here.,,,,sridhar1990[256],
nucl1305-7,nucl1305,Yaar-uu baruvudu avaśya illa.,Yaar-uu	baruvudu	avaśya	illa.,who-indef	come:masd	necessary	neg,It is not necessary for anyone to come.,,,,,
nucl1305-8,nucl1305,Illi have beere yaava kaḍe-g-intal-uu cann-aag-ide.,Illi	have	beere	yaava	kaḍe-g-intal-uu	cann-aag-ide.,here	climate	other	which	place-dat-than-indef	good-become-is,Here the climate is better than in any other place.,,,,,
mand1415-1,mand1415,Chī diǎn shénme zài zǒu ba!,Chī	diǎn	shénme	zài	zǒu	ba!,eat	a.bit	what	then	go	pt,Please eat a little something before you leave.,,,,li1992[152],
mand1415-2,mand1415,Tā hǎoxiàng xǐhuan shénme.,Tā	hǎoxiàng	xǐhuan	shénme.,he	seem	like	what,He seems to like something.,,,,li1992[131],
mand1415-3,mand1415,Tā kàndao (le) shénme le.,Tā	kàndao	(le)	shénme	le.,he	see	perf	what	perf,He must have seen something.,,,,li1992[133],
mand1415-4,mand1415,Shéi xǐhuan tā ma?,Shéi	xǐhuan	tā	ma?,who	like	him	q,Does anyone like him?,,,,li1992[128],
mand1415-5,mand1415,Yàoshì tā xǐhuan shénme ...,Yàoshì	tā	xǐhuan	shénme	...,if	he	likes	what	...,If he likes anything.,,,,li1992[128],
mand1415-6,mand1415,Tā bù wèi shénme rén zuò shì.,Tā	bù	wèi	shénme	rén	zuò	shì.,he	not	for	what	man	do	thing,He does not work for anyone.,,,,li1992[127],
mand1415-7,mand1415,Tā bù xǐhuan shénme.,Tā	bù	xǐhuan	shénme.,he	not	like	what,He does not like anything.,,,,,
mand1415-8,mand1415,?Tǎ bù xǐhuan shéi.,?Tǎ	bù	xǐhuan	shéi.,he	not	like	who,He does not like anyone.,,,,,
mand1415-9,mand1415,*Tǎ bù xǐhuan nǎge (rén).,*Tǎ	bù	xǐhuan	nǎge	(rén).,he	not	like	which	man,He does not like anyone.,,,,,
mand1415-10,mand1415,Yǒu rén dǎ diànhuà le. Cāi yī cāi shì shéi.,Yǒu	rén	dǎ	diànhuà	le.	Cāi	yī	cāi	shì	shéi.,exist	man	hit	phone	perf	guess	one	guess	is	who,Someone called. Guess who.,,,,,
mand1415-11,mand1415,Yǒu rén dǎ diànhuà le. (Wo bù zhīdao shì shéi./ Cāi yī cāi shì shéi.),Yǒu	rén	dǎ	diànhuà	le.	(Wo	bù	zhīdao	shì	shéi./	Cāi	yī	cāi	shì	shéi.),exist	man	hit	phone	perf	I	not	know	is	who	guess	one	guess	is	who,Someone called. I don't know who.,,,,,
mand1415-12,mand1415,Wǒ shéi-yě bù rènshi.,Wǒ	shéi-yě	bù	rènshi.,I	who-indef	not	know,I don't know anyone.,,,,li1981[529],
mand1415-13,mand1415,Tā shéi-dōu bù xìnren.,Tā	shéi-dōu	bù	xìnren.,she	who-indef	not	trust,She doesn't trust anyone.,,,,li1981[528],
mand1415-14,mand1415,Wǒ shénme dìfang dōu/yě bù qù.,Wǒ	shénme	dìfang	dōu/yě	bù	qù.,I	which	place	indef	not?	go?,I'm not going anywhere.,,,,,
mand1415-15,mand1415,Shèi-dōu bù cōngmíng,Shèi-dōu	bù	cōngmíng,who-indef	not	intelligent,No one is intellingent.,,,,,
mand1415-16,mand1415,Rènhé shíhou nǐ dōu kěyǐ lái.,Rènhé	shíhou	nǐ	dōu	kěyǐ	lái.,any	time	you	indef	can	come,You can come anytime.,,,,,
mand1415-17,mand1415,Tā pǎo de bǐ rènhé yīge nánshēng dōu kuài.,Tā	pǎo	de	bǐ	rènhé	yīge	nánshēng	dōu	kuài.,he	run	pt	than	any	one	boy	indef	fast,He runs faster than any boy.,,,,,
mand1415-18,mand1415,Tā bù néng táo dào rènhé dìfang qu.,Tā	bù	néng	táo	dào	rènhé	dìfang	qu.,he	neg	can	escape	to	any	place	go,He cannot escape anywhere.,,,,,
mand1415-19,mand1415,Wǒ bù xiǎngxin rènhé rén lái le.,Wǒ	bù	xiǎngxin	rènhé	rén	lái	le.,I	not	think	any	man	come	perf,I don't think that anyone came.,,,,,
apam1237-1,apam1237,Ima-ta-chi wambra yurapa waqta-n-chaw riqa-rqa-n.,Ima-ta-chi	wambra	yurapa	waqta-n-chaw	riqa-rqa-n.,what-acc-val	boy	tree	behind-3sg-loc	see-pst-3sg,The boy saw something behind the tree.,,,,,
apam1237-2,apam1237,Pi-wan-chi qanyan awtobus-chaw parla-rqu-u.,Pi-wan-chi	qanyan	awtobus-chaw	parla-rqu-u.,who-comit-val	yesterday	bus-loc	talk-pst-1sg,I talked to someone on the bus yesterday.,,,,,
apam1237-3,apam1237,Mana musya-pti-iki-qa pi-ta-pis tapuku-y.,Mana	musya-pti-iki-qa	pi-ta-pis	tapuku-y.,not	know-conv-2sg-top	who-acc-indef	ask-impv,"If you don't know, ask somebody.",,,,,
apam1237-4,apam1237,Imay-pis Afrika-man-mi aywa-shaq.,Imay-pis	Afrika-man-mi	aywa-shaq.,when-indef	Africa-all-val	go-fut.1sg,I'll go to Africa sometime next year.,,,,,
apam1237-5,apam1237,Ima-ta-pis rika-rqu-nki-ku?,Ima-ta-pis	rika-rqu-nki-ku?,what-acc-indef	see-pst-2sg-q,Did you see anything?,,,,,
apam1237-6,apam1237,Ima-ta-pis rika-rnin-qa willa-ma-y.,Ima-ta-pis	rika-rnin-qa	willa-ma-y.,what-acc-indef	see-2sg-top	tell-1sg-impv,"If you see anything, tell me.",,,,,
apam1237-7,apam1237,Ollqu wambra-m pi-piq-pis ras ayqiqninmi.,Ollqu	wambra-m	pi-piq-pis	ras	ayqiqninmi.,male	boy-val	who-abl-indef	fast	runs,The boy can run faster than anyone.,,,,,
apam1237-8,apam1237,Pi-pis kay problema-ta-qa atinman-mi.,Pi-pis	kay	problema-ta-qa	atinman-mi.,who-indef	this	problem-acc-top	solves,Anyone can solve this problem.,,,,,
apam1237-9,apam1237,Ama ima-pis ni-y-chu.,Ama	ima-pis	ni-y-chu.,not	what-indef	say-impv.2sg-neg,Don't say anything!,,,,weber1989[21],
apam1237-10,apam1237,Pi-pis ni ima-ta-pis ni-ma-rqa-n-tsu.,Pi-pis	ni	ima-ta-pis	ni-ma-rqa-n-tsu.,who-indef	not.even	what-acc-indef	tell-1sg-pst-3sg-neg,Nobody told me anything.,,,,,
apam1237-11,apam1237,Mana muna-shkaa-chu pi-pis musyanan-ta.,Mana	muna-shkaa-chu	pi-pis	musyanan-ta.,not	want-perf.1sg-neg	who-indef	know-acc,I didn't want anyone to know.,,,,weber1989[340],
nucl1643-1,nucl1643,"Dare-ka kara denwa at-ta kedo, dare kara da ka ate-te goran.","Dare-ka	kara	denwa	at-ta	kedo,	dare	kara	da	ka	ate-te	goran.",who-indef	from	phone	be-pst	though	who	from	be:pres	q	figure.out-conv	try:impv,"Someone called, guess who!",,,,,
nucl1643-2,nucl1643,"Dare-ka kara denwa at-ta kedo, dare kara da ka wakara-na-i.","Dare-ka	kara	denwa	at-ta	kedo,	dare	kara	da	ka	wakara-na-i.",who-indef	from	phone	be-pst	though	who	from	be:pres	q	know-neg-pres,"Someone called, but I don't know who.",,,,,
nucl1643-3,nucl1643,Dare-ka ni ki-ite mi-masyoo.,Dare-ka	ni	ki-ite	mi-masyoo.,who-indef	dat	ask-conv	try-pol:hort,Let's ask somebody.,,,,,
nucl1643-4,nucl1643,Minna-ga nani-ka-o tabe-ta.,Minna-ga	nani-ka-o	tabe-ta.,every-nom	what-indef-acc	eat-pst,Everybody ate something (non-specific).,,,,ohno1984[238],
nucl1643-5,nucl1643,Rusutyuu-ni dare-ka <*dare-mo> ki-masi-ta ka?,Rusutyuu-ni	dare-ka	<*dare-mo>	ki-masi-ta	ka?,absence.duration-dat	who-indef	who-indef	come-pol-pst	q,Did somebody/anybody come while I was gone?,,,,mcgloin1976[409],
nucl1643-6,nucl1643,"Nani-ka <*nani-mo> tabe-tara, eiga e ture-te it-te age-na-i yo give-neg-pres ass","Nani-ka	<*nani-mo>	tabe-tara,	eiga	e	ture-te	it-te	age-na-i	yo",what-indef	what-indef	eat-cond	movie	to	take-conv	go-conv	give-neg-pres	ass,"If you eat something/anything, I won't take you to the movie.",,,,mcgloin1976[415],
nucl1643-7,nucl1643,Kono syoonen-wa kono kurasu-no dare-yori-mo hayaku hasir-u.,Kono	syoonen-wa	kono	kurasu-no	dare-yori-mo	hayaku	hasir-u.,this	boy-top	this	class-gen	who-from-indef	fast	run-pres,This boy can run faster than anyone in his class.,,,,,
nucl1643-8,nucl1643,Dare-mo kanojo-o aisi-te i-na-i.,Dare-mo	kanojo-o	aisi-te	i-na-i.,who-indef	she-acc	love-conv	dur-neg-pres,Nobody loves her.,,,,,
nucl1643-9,nucl1643,Kyoo-wa dare-mo ku-ru to omow-ana-i.,Kyoo-wa	dare-mo	ku-ru	to	omow-ana-i.,today-top	who-indef	come-pres	sbor	think-neg-pres,I don't think anybody is coming today.,,,,mcgloin1976[405],
nucl1643-10,nucl1643,Dare-demo deki-masu.,Dare-demo	deki-masu.,who-indef	possible-pol-pres,Anybody can do it.,,,,,
kore1280-1,kore1280,Nwu'-ka/ nwukwu-inka-ka kel-ess-ta.,Nwu'-ka/	nwukwu-inka-ka	kel-ess-ta.,who-nom	who-indef-nom	call-pst-decl,Somebody called. (I didn't catch her name./Guess who.),,,,,
kore1280-2,kore1280,Ku sonyen-un mues-ul/ mues-inka-lul po-ass-ta.,Ku	sonyen-un	mues-ul/	mues-inka-lul	po-ass-ta.,this	boy-nom	what-acc	what-indef-acc	see-pst-decl,The boy saw something.,,,,,
kore1280-3,kore1280,"Molu-myen, nwukwu-eykey/ nwukwu-nka-eykey mul-ela.","Molu-myen,	nwukwu-eykey/	nwukwu-nka-eykey	mul-ela.",ignorant-conv	who-dat	who-indef-dat	ask-impv,"If you don't know, ask somebody.",,,,,
kore1280-4,kore1280,Eti ka-psita.,Eti	ka-psita.,where	go-hort,Let's go somewhere.,,,,martin1986[411],
kore1280-5,kore1280,"Ku sonye-ka mues-ul/ mue-nka-lul <*mues-ina/ *mues-itunci> chacu-myen, kunye emeni-eykey malha-lkesi-ta.","Ku	sonye-ka	mues-ul/	mue-nka-lul	<*mues-ina/	*mues-itunci>	chacu-myen,	kunye	emeni-eykey	malha-lkesi-ta.",this	girl-top	what-acc	what-indef-acc	what-indef	what-indef	find-conv	she	mother-dat	tell-fut-decl,"If the girl finds anything, she will tell her mother.",,,,,
kore1280-6,kore1280,Chelswu mues-ul/ mue-nka-lul <*mues-ina *mues-itunci> ilk-ess-ni?,Chelswu	mues-ul/	mue-nka-lul	<*mues-ina	*mues-itunci>	ilk-ess-ni?,Chelswu	what-acc	what-indef-acc	what-indef	what-indef	read-pst-q,Did Chelswu read anything?,,,,,
kore1280-7,kore1280,Nwukwu-na/ nwukwu-tunci/ amu-na/ amu-tunci i muncey-lul phul swu-iss-ta.,Nwukwu-na/	nwukwu-tunci/	amu-na/	amu-tunci	i	muncey-lul	phul	swu-iss-ta.,who-indef	who-indef	any-indef	any-indef	this	problem-acc	solve	do-can-decl,Anybody can solve this problem.,,,,,
kore1280-8,kore1280,Nwukwu-to/ nwukwu-lul/ nwukwu-nka-lul chacki-ka pulkanung ha-ta.,Nwukwu-to/	nwukwu-lul/	nwukwu-nka-lul	chacki-ka	pulkanung	ha-ta.,who-indef	who-acc	who-indef-acc	find-top	impossible	be-decl,It's impossible to find anyone.,,,,,
kore1280-9,kore1280,Ku sonye-nun amu-to/ nwukwu-to an po-ass-ta.,Ku	sonye-nun	amu-to/	nwukwu-to	an	po-ass-ta.,this	girl-top	any-indef	who-indef	neg	see-pst-decl,The girl did not see anybody.,,,,,
kore1280-10,kore1280,Amu-to amu kes-to malha-ci anha-ss-ta.,Amu-to	amu	kes-to	malha-ci	anha-ss-ta.,any-indef	any	thing-indef	say-conv	neg-pst-decl,Nobody said anything.,,,,,
kore1280-11,kore1280,Yeki-ka enu kos pota to te alumtap-ta.,Yeki-ka	enu	kos	pota	to	te	alumtap-ta.,here-top	which	place	than	indef	more	beautiful-decl,Here it is more beautiful than anywhere.,,,,,
basq1248-1,basq1248,Nor-bait-i utzi nion argazki-makina eta ez naiz oroi-tzen nor-i.,Nor-bait-i	utzi	nion	argazki-makina	eta	ez	naiz	oroi-tzen	nor-i.,who-indef-dat	lend	I:it:to.him	photo-machine	and	neg	I:it	remember-hab	who-dat,I lent the camera to someone and I do not remember to whom.,,,,saltarelli1988[ex1070],
basq1248-2,basq1248,"Nora-bait joa-te-ko gogoa dut, baina ez dakit nora.","Nora-bait	joa-te-ko	gogoa	dut,	baina	ez	dakit	nora.",where-indef	go-hab-rel	thought	I:have:it	but	neg	I:know:it	where,I have an urge to go somewhere but I do not know where.,,,,saltarelli1988[ex976b],
basq1248-3,basq1248,Pozik hartu-ko nuke nor-bait-ek laguntzea.,Pozik	hartu-ko	nuke	nor-bait-ek	laguntzea.,gladly	accept-fut	I:would	who-indef-erg	helping,I would gladly accept someone helping me.,,,,saltarelli1988[ex158],
basq1248-4,basq1248,Kanpoa-n zengoze-n-en-ean baten batek dei egin zizun. Esan nor.,Kanpoa-n	zengoze-n-en-ean	baten	batek	dei	egin	zizun.	Esan	nor.,away-loc	be-2sg-rel-loc	one:gen	one:erg	call	make	he:you:has	say	who,Someone called while you were away. Guess who it was.,,,,,
basq1248-5,basq1248,E-zer <??zer-bait> jan nahi al duzu?,E-zer	<??zer-bait>	jan	nahi	al	duzu?,indef-what	what-indef	eat	want	q	you:it,Would you like to eat something?,,,,aulestia1989[206],
basq1248-6,basq1248,"E-zer <??zer-bait> ikusten ba-duzu, esaidazu.","E-zer	<??zer-bait>	ikusten	ba-duzu,	esaidazu.",indef-what	what-indef	see	cond-you:have	tell:you:me,"If you see anything, tell me.",,,,,
basq1248-7,basq1248,Donostia-ko eguraldia i-non/ edo-non baino atsegin-ago-a da.,Donostia-ko	eguraldia	i-non/	edo-non	baino	atsegin-ago-a	da.,Donostia-attr	weather	indef-where	indef-where	than	pleasant-compr-art	is,The weather in San Sebastián is more pleasant than anywhere else.,,,,,
basq1248-8,basq1248,Ez dut uste [gizon hori i-noiz ikusi dud-anik.,Ez	dut	uste	[gizon	hori	i-noiz	ikusi	dud-anik.,neg	I:it	believe	[man	that	indef-when	see	I:him]-sbor,I don't believe that I've ever seen that man.,,,,saltarelli1988[ex178],
basq1248-9,basq1248,I-nor-i i-noiz ez diozu deusik eman.,I-nor-i	i-noiz	ez	diozu	deusik	eman.,indef-who-dat	indef-when	neg	you:it:to.him	anything	give,You haven't ever given anyone anything.,,,,aulestia1989[305],
basq1248-10,basq1248,Galde-tzen duzuna edo-zein liburu-tan aurki dezakezu.,Galde-tzen	duzuna	edo-zein	liburu-tan	aurki	dezakezu.,ask-hab	you:it	indef-which	book-loc	find	you:can:it,You can find what you are asking about in any book.,,,,saltarelli1988[ex895],
basq1248-11,basq1248,Nor-nahi-k eduki-ko du hik baino botere gehiago.,Nor-nahi-k	eduki-ko	du	hik	baino	botere	gehiago.,who-indef-erg	have-fut	he:it	you:erg	than	power	more,Anyone will have more power than you.,,,,aulestia1989[432],
