ID,Language_ID,Parameter_ID,Value,Code_ID,Comment,Source
stan1295-l-specific-known,stan1295,l-specific-known,etwas / irgend / je / jeder / n-,,,
stan1295-l-specific-unknown,stan1295,l-specific-unknown,etwas / irgend / je / jeder / n-,,,
stan1295-l-irrealis-nsp,stan1295,l-irrealis-nsp,etwas / irgend / je / jeder / n-,,,
stan1295-l-question,stan1295,l-question,etwas / irgend / je / jeder / n-,,,
stan1295-l-conditional,stan1295,l-conditional,etwas / irgend / je / jeder / n-,,,
stan1295-l-indirect-negation,stan1295,l-indirect-negation,etwas / irgend / je / jeder / n-,,,
stan1295-l-direct-negation,stan1295,l-direct-negation,etwas / irgend / je / jeder / n-,,,
stan1295-l-comparative,stan1295,l-comparative,etwas / irgend / je / jeder / n-,,,
stan1295-l-free-choice,stan1295,l-free-choice,etwas / irgend / je / jeder / n-,,,
dutc1256-l-specific-known,dutc1256,l-specific-known,enig / iets / niets / dan ook,,,
dutc1256-l-specific-unknown,dutc1256,l-specific-unknown,enig / iets / niets / dan ook,,,
dutc1256-l-irrealis-nsp,dutc1256,l-irrealis-nsp,enig / iets / niets / dan ook,,,
dutc1256-l-question,dutc1256,l-question,enig / iets / niets / dan ook,,,
dutc1256-l-conditional,dutc1256,l-conditional,enig / iets / niets / dan ook,,,
dutc1256-l-indirect-negation,dutc1256,l-indirect-negation,enig / iets / niets / dan ook,,,
dutc1256-l-direct-negation,dutc1256,l-direct-negation,enig / iets / niets / dan ook,,,
dutc1256-l-comparative,dutc1256,l-comparative,enig / iets / niets / dan ook,,,
dutc1256-l-free-choice,dutc1256,l-free-choice,enig / iets / niets / dan ook,,,
stan1293-l-specific-known,stan1293,l-specific-known,any / ever / no / some,,,
stan1293-l-specific-unknown,stan1293,l-specific-unknown,any / ever / no / some,,,
stan1293-l-irrealis-nsp,stan1293,l-irrealis-nsp,any / ever / no / some,,,
stan1293-l-question,stan1293,l-question,any / ever / no / some,,,
stan1293-l-conditional,stan1293,l-conditional,any / ever / no / some,,,
stan1293-l-indirect-negation,stan1293,l-indirect-negation,any / ever / no / some,,,
stan1293-l-direct-negation,stan1293,l-direct-negation,any / ever / no / some,,,
stan1293-l-comparative,stan1293,l-comparative,any / ever / no / some,,,
stan1293-l-free-choice,stan1293,l-free-choice,any / ever / no / some,,,
swed1254-l-specific-known,swed1254,l-specific-known,ingen / nagon / som helst,,,
swed1254-l-specific-unknown,swed1254,l-specific-unknown,ingen / nagon / som helst,,,
swed1254-l-irrealis-nsp,swed1254,l-irrealis-nsp,ingen / nagon / som helst,,,
swed1254-l-question,swed1254,l-question,ingen / nagon / som helst,,,
swed1254-l-conditional,swed1254,l-conditional,ingen / nagon / som helst,,,
swed1254-l-indirect-negation,swed1254,l-indirect-negation,ingen / nagon / som helst,,,
swed1254-l-direct-negation,swed1254,l-direct-negation,ingen / nagon / som helst,,,
swed1254-l-comparative,swed1254,l-comparative,ingen / nagon / som helst,,,
swed1254-l-free-choice,swed1254,l-free-choice,ingen / nagon / som helst,,,
icel1247-l-specific-known,icel1247,l-specific-known,enginn / n- / nokkur / sem er / ein-,,,
icel1247-l-specific-unknown,icel1247,l-specific-unknown,enginn / n- / nokkur / sem er / ein-,,,
icel1247-l-irrealis-nsp,icel1247,l-irrealis-nsp,enginn / n- / nokkur / sem er / ein-,,,
icel1247-l-question,icel1247,l-question,enginn / n- / nokkur / sem er / ein-,,,
icel1247-l-conditional,icel1247,l-conditional,enginn / n- / nokkur / sem er / ein-,,,
icel1247-l-indirect-negation,icel1247,l-indirect-negation,enginn / n- / nokkur / sem er / ein-,,,
icel1247-l-direct-negation,icel1247,l-direct-negation,enginn / n- / nokkur / sem er / ein-,,,
icel1247-l-comparative,icel1247,l-comparative,enginn / n- / nokkur / sem er / ein-,,,
icel1247-l-free-choice,icel1247,l-free-choice,enginn / n- / nokkur / sem er / ein-,,,
lati1261-l-specific-known,lati1261,l-specific-known,ali- / -dam / -libet / n- / -quam / -vis,,,
lati1261-l-specific-unknown,lati1261,l-specific-unknown,ali- / -dam / -libet / n- / -quam / -vis,,,
lati1261-l-irrealis-nsp,lati1261,l-irrealis-nsp,ali- / -dam / -libet / n- / -quam / -vis,,,
lati1261-l-question,lati1261,l-question,ali- / -dam / -libet / n- / -quam / -vis,,,
lati1261-l-conditional,lati1261,l-conditional,ali- / -dam / -libet / n- / -quam / -vis,,,
lati1261-l-indirect-negation,lati1261,l-indirect-negation,ali- / -dam / -libet / n- / -quam / -vis,,,
lati1261-l-direct-negation,lati1261,l-direct-negation,ali- / -dam / -libet / n- / -quam / -vis,,,
lati1261-l-comparative,lati1261,l-comparative,ali- / -dam / -libet / n- / -quam / -vis,,,
lati1261-l-free-choice,lati1261,l-free-choice,ali- / -dam / -libet / n- / -quam / -vis,,,
port1283-l-specific-known,port1283,l-specific-known,alg- / n- / qualquer,,,
port1283-l-specific-unknown,port1283,l-specific-unknown,alg- / n- / qualquer,,,
port1283-l-irrealis-nsp,port1283,l-irrealis-nsp,alg- / n- / qualquer,,,
port1283-l-question,port1283,l-question,alg- / n- / qualquer,,,
port1283-l-conditional,port1283,l-conditional,alg- / n- / qualquer,,,
port1283-l-indirect-negation,port1283,l-indirect-negation,alg- / n- / qualquer,,,
port1283-l-direct-negation,port1283,l-direct-negation,alg- / n- / qualquer,,,
port1283-l-comparative,port1283,l-comparative,alg- / n- / qualquer,,,
port1283-l-free-choice,port1283,l-free-choice,alg- / n- / qualquer,,,
stan1289-l-specific-known,stan1289,l-specific-known,algun / cap / qualsevol,,,
stan1289-l-specific-unknown,stan1289,l-specific-unknown,algun / cap / qualsevol,,,
stan1289-l-irrealis-nsp,stan1289,l-irrealis-nsp,algun / cap / qualsevol,,,
stan1289-l-question,stan1289,l-question,algun / cap / qualsevol,,,
stan1289-l-conditional,stan1289,l-conditional,algun / cap / qualsevol,,,
stan1289-l-indirect-negation,stan1289,l-indirect-negation,algun / cap / qualsevol,,,
stan1289-l-direct-negation,stan1289,l-direct-negation,algun / cap / qualsevol,,,
stan1289-l-comparative,stan1289,l-comparative,algun / cap / qualsevol,,,
stan1289-l-free-choice,stan1289,l-free-choice,algun / cap / qualsevol,,,
stan1290-l-specific-known,stan1290,l-specific-known,n'importe / personne / que ce soit / quelque,,,
stan1290-l-specific-unknown,stan1290,l-specific-unknown,n'importe / personne / que ce soit / quelque,,,
stan1290-l-irrealis-nsp,stan1290,l-irrealis-nsp,n'importe / personne / que ce soit / quelque,,,
stan1290-l-question,stan1290,l-question,n'importe / personne / que ce soit / quelque,,,
stan1290-l-conditional,stan1290,l-conditional,n'importe / personne / que ce soit / quelque,,,
stan1290-l-indirect-negation,stan1290,l-indirect-negation,n'importe / personne / que ce soit / quelque,,,
stan1290-l-direct-negation,stan1290,l-direct-negation,n'importe / personne / que ce soit / quelque,,,
stan1290-l-comparative,stan1290,l-comparative,n'importe / personne / que ce soit / quelque,,,
stan1290-l-free-choice,stan1290,l-free-choice,n'importe / personne / que ce soit / quelque,,,
ital1282-l-specific-known,ital1282,l-specific-known,nessuno / qualche / -unque,,,
ital1282-l-specific-unknown,ital1282,l-specific-unknown,nessuno / qualche / -unque,,,
ital1282-l-irrealis-nsp,ital1282,l-irrealis-nsp,nessuno / qualche / -unque,,,
ital1282-l-question,ital1282,l-question,nessuno / qualche / -unque,,,
ital1282-l-conditional,ital1282,l-conditional,nessuno / qualche / -unque,,,
ital1282-l-indirect-negation,ital1282,l-indirect-negation,nessuno / qualche / -unque,,,
ital1282-l-direct-negation,ital1282,l-direct-negation,nessuno / qualche / -unque,,,
ital1282-l-comparative,ital1282,l-comparative,nessuno / qualche / -unque,,,
ital1282-l-free-choice,ital1282,l-free-choice,nessuno / qualche / -unque,,,
roma1327-l-specific-known,roma1327,l-specific-known,ni- / ori- / -va / vre-un,,,
roma1327-l-specific-unknown,roma1327,l-specific-unknown,ni- / ori- / -va / vre-un,,,
roma1327-l-irrealis-nsp,roma1327,l-irrealis-nsp,ni- / ori- / -va / vre-un,,,
roma1327-l-question,roma1327,l-question,ni- / ori- / -va / vre-un,,,
roma1327-l-conditional,roma1327,l-conditional,ni- / ori- / -va / vre-un,,,
roma1327-l-indirect-negation,roma1327,l-indirect-negation,ni- / ori- / -va / vre-un,,,
roma1327-l-direct-negation,roma1327,l-direct-negation,ni- / ori- / -va / vre-un,,,
roma1327-l-comparative,roma1327,l-comparative,ni- / ori- / -va / vre-un,,,
roma1327-l-free-choice,roma1327,l-free-choice,ni- / ori- / -va / vre-un,,,
mode1248-l-specific-known,mode1248,l-specific-known,-dhipote / ka- / tipota,,,
mode1248-l-specific-unknown,mode1248,l-specific-unknown,-dhipote / ka- / tipota,,,
mode1248-l-irrealis-nsp,mode1248,l-irrealis-nsp,-dhipote / ka- / tipota,,,
mode1248-l-question,mode1248,l-question,-dhipote / ka- / tipota,,,
mode1248-l-conditional,mode1248,l-conditional,-dhipote / ka- / tipota,,,
mode1248-l-indirect-negation,mode1248,l-indirect-negation,-dhipote / ka- / tipota,,,
mode1248-l-direct-negation,mode1248,l-direct-negation,-dhipote / ka- / tipota,,,
mode1248-l-comparative,mode1248,l-comparative,-dhipote / ka- / tipota,,,
mode1248-l-free-choice,mode1248,l-free-choice,-dhipote / ka- / tipota,,,
bulg1262-l-specific-known,bulg1262,l-specific-known,ni- / nja- / -toidae,,,
bulg1262-l-specific-unknown,bulg1262,l-specific-unknown,ni- / nja- / -toidae,,,
bulg1262-l-irrealis-nsp,bulg1262,l-irrealis-nsp,ni- / nja- / -toidae,,,
bulg1262-l-question,bulg1262,l-question,ni- / nja- / -toidae,,,
bulg1262-l-conditional,bulg1262,l-conditional,ni- / nja- / -toidae,,,
bulg1262-l-indirect-negation,bulg1262,l-indirect-negation,ni- / nja- / -toidae,,,
bulg1262-l-direct-negation,bulg1262,l-direct-negation,ni- / nja- / -toidae,,,
bulg1262-l-comparative,bulg1262,l-comparative,ni- / nja- / -toidae,,,
bulg1262-l-free-choice,bulg1262,l-free-choice,ni- / nja- / -toidae,,,
sout1528-l-specific-known,sout1528,l-specific-known,bilo / i- / ne- / ni-,,,
sout1528-l-specific-unknown,sout1528,l-specific-unknown,bilo / i- / ne- / ni-,,,
sout1528-l-irrealis-nsp,sout1528,l-irrealis-nsp,bilo / i- / ne- / ni-,,,
sout1528-l-question,sout1528,l-question,bilo / i- / ne- / ni-,,,
sout1528-l-conditional,sout1528,l-conditional,bilo / i- / ne- / ni-,,,
sout1528-l-indirect-negation,sout1528,l-indirect-negation,bilo / i- / ne- / ni-,,,
sout1528-l-direct-negation,sout1528,l-direct-negation,bilo / i- / ne- / ni-,,,
sout1528-l-comparative,sout1528,l-comparative,bilo / i- / ne- / ni-,,,
sout1528-l-free-choice,sout1528,l-free-choice,bilo / i- / ne- / ni-,,,
poli1260-l-specific-known,poli1260,l-specific-known,-kolwiek / ni- / -s,,,
poli1260-l-specific-unknown,poli1260,l-specific-unknown,-kolwiek / ni- / -s,,,
poli1260-l-irrealis-nsp,poli1260,l-irrealis-nsp,-kolwiek / ni- / -s,,,
poli1260-l-question,poli1260,l-question,-kolwiek / ni- / -s,,,
poli1260-l-conditional,poli1260,l-conditional,-kolwiek / ni- / -s,,,
poli1260-l-indirect-negation,poli1260,l-indirect-negation,-kolwiek / ni- / -s,,,
poli1260-l-direct-negation,poli1260,l-direct-negation,-kolwiek / ni- / -s,,,
poli1260-l-comparative,poli1260,l-comparative,-kolwiek / ni- / -s,,,
poli1260-l-free-choice,poli1260,l-free-choice,-kolwiek / ni- / -s,,,
russ1263-l-specific-known,russ1263,l-specific-known,by to ni bylo / koe- / -libo / ni- / -nibud / -to / ljuboj/ugodno,,,
russ1263-l-specific-unknown,russ1263,l-specific-unknown,by to ni bylo / koe- / -libo / ni- / -nibud / -to / ljuboj/ugodno,,,
russ1263-l-irrealis-nsp,russ1263,l-irrealis-nsp,by to ni bylo / koe- / -libo / ni- / -nibud / -to / ljuboj/ugodno,,,
russ1263-l-question,russ1263,l-question,by to ni bylo / koe- / -libo / ni- / -nibud / -to / ljuboj/ugodno,,,
russ1263-l-conditional,russ1263,l-conditional,by to ni bylo / koe- / -libo / ni- / -nibud / -to / ljuboj/ugodno,,,
russ1263-l-indirect-negation,russ1263,l-indirect-negation,by to ni bylo / koe- / -libo / ni- / -nibud / -to / ljuboj/ugodno,,,
russ1263-l-direct-negation,russ1263,l-direct-negation,by to ni bylo / koe- / -libo / ni- / -nibud / -to / ljuboj/ugodno,,,
russ1263-l-comparative,russ1263,l-comparative,by to ni bylo / koe- / -libo / ni- / -nibud / -to / ljuboj/ugodno,,,
russ1263-l-free-choice,russ1263,l-free-choice,by to ni bylo / koe- / -libo / ni- / -nibud / -to / ljuboj/ugodno,,,
lith1251-l-specific-known,lith1251,l-specific-known,bet / joks / kai / kaz- / nie- / nors,,,
lith1251-l-specific-unknown,lith1251,l-specific-unknown,bet / joks / kai / kaz- / nie- / nors,,,
lith1251-l-irrealis-nsp,lith1251,l-irrealis-nsp,bet / joks / kai / kaz- / nie- / nors,,,
lith1251-l-question,lith1251,l-question,bet / joks / kai / kaz- / nie- / nors,,,
lith1251-l-conditional,lith1251,l-conditional,bet / joks / kai / kaz- / nie- / nors,,,
lith1251-l-indirect-negation,lith1251,l-indirect-negation,bet / joks / kai / kaz- / nie- / nors,,,
lith1251-l-direct-negation,lith1251,l-direct-negation,bet / joks / kai / kaz- / nie- / nors,,,
lith1251-l-comparative,lith1251,l-comparative,bet / joks / kai / kaz- / nie- / nors,,,
lith1251-l-free-choice,lith1251,l-free-choice,bet / joks / kai / kaz- / nie- / nors,,,
latv1249-l-specific-known,latv1249,l-specific-known,jeb / kaut / ne-,,,
latv1249-l-specific-unknown,latv1249,l-specific-unknown,jeb / kaut / ne-,,,
latv1249-l-irrealis-nsp,latv1249,l-irrealis-nsp,jeb / kaut / ne-,,,
latv1249-l-question,latv1249,l-question,jeb / kaut / ne-,,,
latv1249-l-conditional,latv1249,l-conditional,jeb / kaut / ne-,,,
latv1249-l-indirect-negation,latv1249,l-indirect-negation,jeb / kaut / ne-,,,
latv1249-l-direct-negation,latv1249,l-direct-negation,jeb / kaut / ne-,,,
latv1249-l-comparative,latv1249,l-comparative,jeb / kaut / ne-,,,
latv1249-l-free-choice,latv1249,l-free-choice,jeb / kaut / ne-,,,
iris1253-l-specific-known,iris1253,l-specific-known,ar bith /aon / dada / eigin,,,
iris1253-l-specific-unknown,iris1253,l-specific-unknown,ar bith /aon / dada / eigin,,,
iris1253-l-irrealis-nsp,iris1253,l-irrealis-nsp,ar bith /aon / dada / eigin,,,
iris1253-l-question,iris1253,l-question,ar bith /aon / dada / eigin,,,
iris1253-l-conditional,iris1253,l-conditional,ar bith /aon / dada / eigin,,,
iris1253-l-indirect-negation,iris1253,l-indirect-negation,ar bith /aon / dada / eigin,,,
iris1253-l-direct-negation,iris1253,l-direct-negation,ar bith /aon / dada / eigin,,,
iris1253-l-comparative,iris1253,l-comparative,ar bith /aon / dada / eigin,,,
iris1253-l-free-choice,iris1253,l-free-choice,ar bith /aon / dada / eigin,,,
osse1243-l-specific-known,osse1243,l-specific-known,-doer / -doeriddoer / is- / ma-/ni-,,,
osse1243-l-specific-unknown,osse1243,l-specific-unknown,-doer / -doeriddoer / is- / ma-/ni-,,,
osse1243-l-irrealis-nsp,osse1243,l-irrealis-nsp,-doer / -doeriddoer / is- / ma-/ni-,,,
osse1243-l-question,osse1243,l-question,-doer / -doeriddoer / is- / ma-/ni-,,,
osse1243-l-conditional,osse1243,l-conditional,-doer / -doeriddoer / is- / ma-/ni-,,,
osse1243-l-indirect-negation,osse1243,l-indirect-negation,-doer / -doeriddoer / is- / ma-/ni-,,,
osse1243-l-direct-negation,osse1243,l-direct-negation,-doer / -doeriddoer / is- / ma-/ni-,,,
osse1243-l-comparative,osse1243,l-comparative,-doer / -doeriddoer / is- / ma-/ni-,,,
osse1243-l-free-choice,osse1243,l-free-choice,-doer / -doeriddoer / is- / ma-/ni-,,,
west2369-l-specific-known,west2369,l-specific-known,hic / -i,,,
west2369-l-specific-unknown,west2369,l-specific-unknown,hic / -i,,,
west2369-l-irrealis-nsp,west2369,l-irrealis-nsp,hic / -i,,,
west2369-l-question,west2369,l-question,hic / -i,,,
west2369-l-conditional,west2369,l-conditional,hic / -i,,,
west2369-l-indirect-negation,west2369,l-indirect-negation,hic / -i,,,
west2369-l-direct-negation,west2369,l-direct-negation,hic / -i,,,
west2369-l-comparative,west2369,l-comparative,hic / -i,,,
west2369-l-free-choice,west2369,l-free-choice,hic / -i,,,
hind1269-l-specific-known,hind1269,l-specific-known,bhii / koii,,,
hind1269-l-specific-unknown,hind1269,l-specific-unknown,bhii / koii,,,
hind1269-l-irrealis-nsp,hind1269,l-irrealis-nsp,bhii / koii,,,
hind1269-l-question,hind1269,l-question,bhii / koii,,,
hind1269-l-conditional,hind1269,l-conditional,bhii / koii,,,
hind1269-l-indirect-negation,hind1269,l-indirect-negation,bhii / koii,,,
hind1269-l-direct-negation,hind1269,l-direct-negation,bhii / koii,,,
hind1269-l-comparative,hind1269,l-comparative,bhii / koii,,,
hind1269-l-free-choice,hind1269,l-free-choice,bhii / koii,,,
nucl1301-l-specific-known,nucl1301,l-specific-known,bir / herhangi / hiç,,,
nucl1301-l-specific-unknown,nucl1301,l-specific-unknown,bir / herhangi / hiç,,,
nucl1301-l-irrealis-nsp,nucl1301,l-irrealis-nsp,bir / herhangi / hiç,,,
nucl1301-l-question,nucl1301,l-question,bir / herhangi / hiç,,,
nucl1301-l-conditional,nucl1301,l-conditional,bir / herhangi / hiç,,,
nucl1301-l-indirect-negation,nucl1301,l-indirect-negation,bir / herhangi / hiç,,,
nucl1301-l-direct-negation,nucl1301,l-direct-negation,bir / herhangi / hiç,,,
nucl1301-l-comparative,nucl1301,l-comparative,bir / herhangi / hiç,,,
nucl1301-l-free-choice,nucl1301,l-free-choice,bir / herhangi / hiç,,,
kaza1248-l-specific-known,kaza1248,l-specific-known,älde- / bir / bolsa da / es,,,
kaza1248-l-specific-unknown,kaza1248,l-specific-unknown,älde- / bir / bolsa da / es,,,
kaza1248-l-irrealis-nsp,kaza1248,l-irrealis-nsp,älde- / bir / bolsa da / es,,,
kaza1248-l-question,kaza1248,l-question,älde- / bir / bolsa da / es,,,
kaza1248-l-conditional,kaza1248,l-conditional,älde- / bir / bolsa da / es,,,
kaza1248-l-indirect-negation,kaza1248,l-indirect-negation,älde- / bir / bolsa da / es,,,
kaza1248-l-direct-negation,kaza1248,l-direct-negation,älde- / bir / bolsa da / es,,,
kaza1248-l-comparative,kaza1248,l-comparative,älde- / bir / bolsa da / es,,,
kaza1248-l-free-choice,kaza1248,l-free-choice,älde- / bir / bolsa da / es,,,
yaku1245-l-specific-known,yaku1245,l-specific-known,bayarar / -da / eme / ere,,,
yaku1245-l-specific-unknown,yaku1245,l-specific-unknown,bayarar / -da / eme / ere,,,
yaku1245-l-irrealis-nsp,yaku1245,l-irrealis-nsp,bayarar / -da / eme / ere,,,
yaku1245-l-question,yaku1245,l-question,bayarar / -da / eme / ere,,,
yaku1245-l-conditional,yaku1245,l-conditional,bayarar / -da / eme / ere,,,
yaku1245-l-indirect-negation,yaku1245,l-indirect-negation,bayarar / -da / eme / ere,,,
yaku1245-l-direct-negation,yaku1245,l-direct-negation,bayarar / -da / eme / ere,,,
yaku1245-l-comparative,yaku1245,l-comparative,bayarar / -da / eme / ere,,,
yaku1245-l-free-choice,yaku1245,l-free-choice,bayarar / -da / eme / ere,,,
hung1274-l-specific-known,hung1274,l-specific-known,akar-/bar- / sem / vala-,,,
hung1274-l-specific-unknown,hung1274,l-specific-unknown,akar-/bar- / sem / vala-,,,
hung1274-l-irrealis-nsp,hung1274,l-irrealis-nsp,akar-/bar- / sem / vala-,,,
hung1274-l-question,hung1274,l-question,akar-/bar- / sem / vala-,,,
hung1274-l-conditional,hung1274,l-conditional,akar-/bar- / sem / vala-,,,
hung1274-l-indirect-negation,hung1274,l-indirect-negation,akar-/bar- / sem / vala-,,,
hung1274-l-direct-negation,hung1274,l-direct-negation,akar-/bar- / sem / vala-,,,
hung1274-l-comparative,hung1274,l-comparative,akar-/bar- / sem / vala-,,,
hung1274-l-free-choice,hung1274,l-free-choice,akar-/bar- / sem / vala-,,,
finn1318-l-specific-known,finn1318,l-specific-known,eräs / hyvänsä / -kaan / -kin,,,
finn1318-l-specific-unknown,finn1318,l-specific-unknown,eräs / hyvänsä / -kaan / -kin,,,
finn1318-l-irrealis-nsp,finn1318,l-irrealis-nsp,eräs / hyvänsä / -kaan / -kin,,,
finn1318-l-question,finn1318,l-question,eräs / hyvänsä / -kaan / -kin,,,
finn1318-l-conditional,finn1318,l-conditional,eräs / hyvänsä / -kaan / -kin,,,
finn1318-l-indirect-negation,finn1318,l-indirect-negation,eräs / hyvänsä / -kaan / -kin,,,
finn1318-l-direct-negation,finn1318,l-direct-negation,eräs / hyvänsä / -kaan / -kin,,,
finn1318-l-comparative,finn1318,l-comparative,eräs / hyvänsä / -kaan / -kin,,,
finn1318-l-free-choice,finn1318,l-free-choice,eräs / hyvänsä / -kaan / -kin,,,
nana1257-l-specific-known,nana1257,l-specific-known,-daa / -daa xem aja / -nuu,,,
nana1257-l-specific-unknown,nana1257,l-specific-unknown,-daa / -daa xem aja / -nuu,,,
nana1257-l-irrealis-nsp,nana1257,l-irrealis-nsp,-daa / -daa xem aja / -nuu,,,
nana1257-l-question,nana1257,l-question,-daa / -daa xem aja / -nuu,,,
nana1257-l-conditional,nana1257,l-conditional,-daa / -daa xem aja / -nuu,,,
nana1257-l-indirect-negation,nana1257,l-indirect-negation,-daa / -daa xem aja / -nuu,,,
nana1257-l-direct-negation,nana1257,l-direct-negation,-daa / -daa xem aja / -nuu,,,
nana1257-l-comparative,nana1257,l-comparative,-daa / -daa xem aja / -nuu,,,
nana1257-l-free-choice,nana1257,l-free-choice,-daa / -daa xem aja / -nuu,,,
lezg1247-l-specific-known,lezg1247,l-specific-known,sa WH jat'ani / sa X-ni / xajit'ani,,,
lezg1247-l-specific-unknown,lezg1247,l-specific-unknown,sa WH jat'ani / sa X-ni / xajit'ani,,,
lezg1247-l-irrealis-nsp,lezg1247,l-irrealis-nsp,sa WH jat'ani / sa X-ni / xajit'ani,,,
lezg1247-l-question,lezg1247,l-question,sa WH jat'ani / sa X-ni / xajit'ani,,,
lezg1247-l-conditional,lezg1247,l-conditional,sa WH jat'ani / sa X-ni / xajit'ani,,,
lezg1247-l-indirect-negation,lezg1247,l-indirect-negation,sa WH jat'ani / sa X-ni / xajit'ani,,,
lezg1247-l-direct-negation,lezg1247,l-direct-negation,sa WH jat'ani / sa X-ni / xajit'ani,,,
lezg1247-l-comparative,lezg1247,l-comparative,sa WH jat'ani / sa X-ni / xajit'ani,,,
lezg1247-l-free-choice,lezg1247,l-free-choice,sa WH jat'ani / sa X-ni / xajit'ani,,,
malt1254-l-specific-known,malt1254,l-specific-known,ebda / xi,,,
malt1254-l-specific-unknown,malt1254,l-specific-unknown,ebda / xi,,,
malt1254-l-irrealis-nsp,malt1254,l-irrealis-nsp,ebda / xi,,,
malt1254-l-question,malt1254,l-question,ebda / xi,,,
malt1254-l-conditional,malt1254,l-conditional,ebda / xi,,,
malt1254-l-indirect-negation,malt1254,l-indirect-negation,ebda / xi,,,
malt1254-l-direct-negation,malt1254,l-direct-negation,ebda / xi,,,
malt1254-l-comparative,malt1254,l-comparative,ebda / xi,,,
malt1254-l-free-choice,malt1254,l-free-choice,ebda / xi,,,
hebr1245-l-specific-known,hebr1245,l-specific-known,af/sum / is / kol / sehu,,,
hebr1245-l-specific-unknown,hebr1245,l-specific-unknown,af/sum / is / kol / sehu,,,
hebr1245-l-irrealis-nsp,hebr1245,l-irrealis-nsp,af/sum / is / kol / sehu,,,
hebr1245-l-question,hebr1245,l-question,af/sum / is / kol / sehu,,,
hebr1245-l-conditional,hebr1245,l-conditional,af/sum / is / kol / sehu,,,
hebr1245-l-indirect-negation,hebr1245,l-indirect-negation,af/sum / is / kol / sehu,,,
hebr1245-l-direct-negation,hebr1245,l-direct-negation,af/sum / is / kol / sehu,,,
hebr1245-l-comparative,hebr1245,l-comparative,af/sum / is / kol / sehu,,,
hebr1245-l-free-choice,hebr1245,l-free-choice,af/sum / is / kol / sehu,,,
haus1257-l-specific-known,haus1257,l-specific-known,koo / wani,,,
haus1257-l-specific-unknown,haus1257,l-specific-unknown,koo / wani,,,
haus1257-l-irrealis-nsp,haus1257,l-irrealis-nsp,koo / wani,,,
haus1257-l-question,haus1257,l-question,koo / wani,,,
haus1257-l-conditional,haus1257,l-conditional,koo / wani,,,
haus1257-l-indirect-negation,haus1257,l-indirect-negation,koo / wani,,,
haus1257-l-direct-negation,haus1257,l-direct-negation,koo / wani,,,
haus1257-l-comparative,haus1257,l-comparative,koo / wani,,,
haus1257-l-free-choice,haus1257,l-free-choice,koo / wani,,,
swah1253-l-specific-known,swah1253,l-specific-known,CL-o Cl-ote / (none; generic nouns),,,
swah1253-l-specific-unknown,swah1253,l-specific-unknown,CL-o Cl-ote / (none; generic nouns),,,
swah1253-l-irrealis-nsp,swah1253,l-irrealis-nsp,CL-o Cl-ote / (none; generic nouns),,,
swah1253-l-question,swah1253,l-question,CL-o Cl-ote / (none; generic nouns),,,
swah1253-l-conditional,swah1253,l-conditional,CL-o Cl-ote / (none; generic nouns),,,
swah1253-l-indirect-negation,swah1253,l-indirect-negation,CL-o Cl-ote / (none; generic nouns),,,
swah1253-l-direct-negation,swah1253,l-direct-negation,CL-o Cl-ote / (none; generic nouns),,,
swah1253-l-comparative,swah1253,l-comparative,CL-o Cl-ote / (none; generic nouns),,,
swah1253-l-free-choice,swah1253,l-free-choice,CL-o Cl-ote / (none; generic nouns),,,
nucl1302-l-specific-known,nucl1302,l-specific-known,ara- / -me / -yac,,,
nucl1302-l-specific-unknown,nucl1302,l-specific-unknown,ara- / -me / -yac,,,
nucl1302-l-irrealis-nsp,nucl1302,l-irrealis-nsp,ara- / -me / -yac,,,
nucl1302-l-question,nucl1302,l-question,ara- / -me / -yac,,,
nucl1302-l-conditional,nucl1302,l-conditional,ara- / -me / -yac,,,
nucl1302-l-indirect-negation,nucl1302,l-indirect-negation,ara- / -me / -yac,,,
nucl1302-l-direct-negation,nucl1302,l-direct-negation,ara- / -me / -yac,,,
nucl1302-l-comparative,nucl1302,l-comparative,ara- / -me / -yac,,,
nucl1302-l-free-choice,nucl1302,l-free-choice,ara- / -me / -yac,,,
nucl1305-l-specific-known,nucl1305,l-specific-known,-aadarun / -oo / -uu,,,
nucl1305-l-specific-unknown,nucl1305,l-specific-unknown,-aadarun / -oo / -uu,,,
nucl1305-l-irrealis-nsp,nucl1305,l-irrealis-nsp,-aadarun / -oo / -uu,,,
nucl1305-l-question,nucl1305,l-question,-aadarun / -oo / -uu,,,
nucl1305-l-conditional,nucl1305,l-conditional,-aadarun / -oo / -uu,,,
nucl1305-l-indirect-negation,nucl1305,l-indirect-negation,-aadarun / -oo / -uu,,,
nucl1305-l-direct-negation,nucl1305,l-direct-negation,-aadarun / -oo / -uu,,,
nucl1305-l-comparative,nucl1305,l-comparative,-aadarun / -oo / -uu,,,
nucl1305-l-free-choice,nucl1305,l-free-choice,-aadarun / -oo / -uu,,,
mand1415-l-specific-known,mand1415,l-specific-known,(none; bare WH) / renhe / ye/dou / (none; generic nouns),,,
mand1415-l-specific-unknown,mand1415,l-specific-unknown,(none; bare WH) / renhe / ye/dou / (none; generic nouns),,,
mand1415-l-irrealis-nsp,mand1415,l-irrealis-nsp,(none; bare WH) / renhe / ye/dou / (none; generic nouns),,,
mand1415-l-question,mand1415,l-question,(none; bare WH) / renhe / ye/dou / (none; generic nouns),,,
mand1415-l-conditional,mand1415,l-conditional,(none; bare WH) / renhe / ye/dou / (none; generic nouns),,,
mand1415-l-indirect-negation,mand1415,l-indirect-negation,(none; bare WH) / renhe / ye/dou / (none; generic nouns),,,
mand1415-l-direct-negation,mand1415,l-direct-negation,(none; bare WH) / renhe / ye/dou / (none; generic nouns),,,
mand1415-l-comparative,mand1415,l-comparative,(none; bare WH) / renhe / ye/dou / (none; generic nouns),,,
mand1415-l-free-choice,mand1415,l-free-choice,(none; bare WH) / renhe / ye/dou / (none; generic nouns),,,
apam1237-l-specific-known,apam1237,l-specific-known,-pis / (none; bare WH),,,
apam1237-l-specific-unknown,apam1237,l-specific-unknown,-pis / (none; bare WH),,,
apam1237-l-irrealis-nsp,apam1237,l-irrealis-nsp,-pis / (none; bare WH),,,
apam1237-l-question,apam1237,l-question,-pis / (none; bare WH),,,
apam1237-l-conditional,apam1237,l-conditional,-pis / (none; bare WH),,,
apam1237-l-indirect-negation,apam1237,l-indirect-negation,-pis / (none; bare WH),,,
apam1237-l-direct-negation,apam1237,l-direct-negation,-pis / (none; bare WH),,,
apam1237-l-comparative,apam1237,l-comparative,-pis / (none; bare WH),,,
apam1237-l-free-choice,apam1237,l-free-choice,-pis / (none; bare WH),,,
nucl1643-l-specific-known,nucl1643,l-specific-known,-demo / -ka / -mo,,,
nucl1643-l-specific-unknown,nucl1643,l-specific-unknown,-demo / -ka / -mo,,,
nucl1643-l-irrealis-nsp,nucl1643,l-irrealis-nsp,-demo / -ka / -mo,,,
nucl1643-l-question,nucl1643,l-question,-demo / -ka / -mo,,,
nucl1643-l-conditional,nucl1643,l-conditional,-demo / -ka / -mo,,,
nucl1643-l-indirect-negation,nucl1643,l-indirect-negation,-demo / -ka / -mo,,,
nucl1643-l-direct-negation,nucl1643,l-direct-negation,-demo / -ka / -mo,,,
nucl1643-l-comparative,nucl1643,l-comparative,-demo / -ka / -mo,,,
nucl1643-l-free-choice,nucl1643,l-free-choice,-demo / -ka / -mo,,,
kore1280-l-specific-known,kore1280,l-specific-known,bare WH/-nka / -na/-tunci / -to,,,
kore1280-l-specific-unknown,kore1280,l-specific-unknown,bare WH/-nka / -na/-tunci / -to,,,
kore1280-l-irrealis-nsp,kore1280,l-irrealis-nsp,bare WH/-nka / -na/-tunci / -to,,,
kore1280-l-question,kore1280,l-question,bare WH/-nka / -na/-tunci / -to,,,
kore1280-l-conditional,kore1280,l-conditional,bare WH/-nka / -na/-tunci / -to,,,
kore1280-l-indirect-negation,kore1280,l-indirect-negation,bare WH/-nka / -na/-tunci / -to,,,
kore1280-l-direct-negation,kore1280,l-direct-negation,bare WH/-nka / -na/-tunci / -to,,,
kore1280-l-comparative,kore1280,l-comparative,bare WH/-nka / -na/-tunci / -to,,,
kore1280-l-free-choice,kore1280,l-free-choice,bare WH/-nka / -na/-tunci / -to,,,
basq1248-l-specific-known,basq1248,l-specific-known,bat / -bait / edo-/-nahi / i-,,,
basq1248-l-specific-unknown,basq1248,l-specific-unknown,bat / -bait / edo-/-nahi / i-,,,
basq1248-l-irrealis-nsp,basq1248,l-irrealis-nsp,bat / -bait / edo-/-nahi / i-,,,
basq1248-l-question,basq1248,l-question,bat / -bait / edo-/-nahi / i-,,,
basq1248-l-conditional,basq1248,l-conditional,bat / -bait / edo-/-nahi / i-,,,
basq1248-l-indirect-negation,basq1248,l-indirect-negation,bat / -bait / edo-/-nahi / i-,,,
basq1248-l-direct-negation,basq1248,l-direct-negation,bat / -bait / edo-/-nahi / i-,,,
basq1248-l-comparative,basq1248,l-comparative,bat / -bait / edo-/-nahi / i-,,,
basq1248-l-free-choice,basq1248,l-free-choice,bat / -bait / edo-/-nahi / i-,,,
